Date,S_temperature,S_humidity,S_uv,S_soilMoisture,S_anRain,Temperature_10h,Humidity_10h,Clouds_10h,PoP_10h
2023-09-21 00:01,16.25,100.0,0.43,55,1,20.58,37,48,0
2023-09-21 00:11,16.28,100.0,0.2,54,1,20.58,37,48,0
2023-09-21 00:22,15.96,100.0,0.06,54,1,20.58,37,48,0
2023-09-21 00:32,15.82,100.0,0.24,52,1,20.58,37,48,0
2023-09-21 00:42,15.8,100.0,0.32,52,1,20.58,37,48,0
2023-09-21 00:53,15.67,100.0,0.29,52,1,20.56,37,36,0
2023-09-21 01:03,15.51,100.0,0.18,52,1,21.59,34,28,0
2023-09-21 01:13,15.44,100.0,0.29,52,1,21.59,34,28,0
2023-09-21 01:24,14.98,100.0,0.14,52,1,21.59,34,28,0
2023-09-21 01:34,14.72,100.0,0.24,52,1,21.59,34,28,0
2023-09-21 01:44,14.5,100.0,0.47,52,1,21.59,34,28,0
2023-09-21 01:55,14.5,100.0,0.22,52,1,21.59,34,28,0
2023-09-21 02:05,14.33,100.0,0.32,52,1,22.35,33,24,0
2023-09-21 02:15,14.06,100.0,0.07,52,1,22.35,33,24,0
2023-09-21 02:26,13.88,100.0,0.2,52,1,22.35,33,24,0
2023-09-21 02:36,13.48,100.0,0.18,53,1,22.35,33,24,0
2023-09-21 02:46,13.0,100.0,0.32,52,1,22.35,33,24,0
2023-09-21 02:57,13.22,100.0,0.28,52,1,22.35,33,24,0
2023-09-21 03:07,13.44,100.0,0.2,52,1,22.74,32,22,0
2023-09-21 03:18,13.25,100.0,0.23,53,1,22.74,32,22,0
2023-09-21 03:28,13.01,100.0,0.04,52,1,22.74,32,22,0
2023-09-21 03:38,12.78,100.0,0.32,53,1,22.74,32,22,0
2023-09-21 03:49,12.93,100.0,0.27,53,1,22.74,32,22,0
2023-09-21 03:59,12.95,100.0,0.29,52,1,22.74,32,22,0
2023-09-21 04:09,12.82,100.0,0.2,53,1,22.84,32,12,5
2023-09-21 04:20,13.44,100.0,0.23,53,1,22.84,32,12,5
2023-09-21 04:30,13.12,100.0,0.28,53,1,20.95,44,9,4
2023-09-21 04:40,12.35,100.0,0.09,52,1,22.84,32,12,5
2023-09-21 04:51,12.57,100.0,0.23,53,1,22.84,32,12,5
2023-09-21 05:01,12.07,100.0,0.22,53,1,21.95,36,15,5
2023-09-21 05:11,11.94,100.0,0.32,53,1,21.95,36,15,5
2023-09-21 05:22,11.99,100.0,0.32,53,1,21.95,36,15,5
2023-09-21 05:32,12.56,100.0,0.48,53,1,21.95,36,15,5
2023-09-21 05:42,12.79,100.0,0.55,53,1,21.95,36,15,5
2023-09-21 05:53,12.45,100.0,0.6,52,1,21.95,36,15,5
2023-09-21 06:03,12.5,100.0,0.3,56,1,20.18,43,25,8
2023-09-21 06:14,12.5,100.0,0.3,55,1,20.18,43,25,8
2023-09-21 06:24,12.64,100.0,0.23,55,1,20.18,43,25,8
2023-09-21 06:34,13.82,100.0,0.28,54,1,20.18,43,25,8
2023-09-21 06:45,15.93,100.0,0.74,53,1,18.2,57,13,28
2023-09-21 06:55,18.08,99.85,0.44,53,1,19.47,47,38,9
2023-09-21 07:05,19.77,91.62,0.84,52,1,17.05,61,47,33
2023-09-21 07:16,21.71,84.81,0.77,52,1,17.05,61,47,33
2023-09-21 07:26,22.22,81.51,1.03,52,1,17.05,61,47,33
2023-09-21 07:36,21.43,83.87,0.46,52,1,17.05,61,47,33
2023-09-21 07:47,22.65,77.66,0.32,52,1,17.05,61,47,33
2023-09-21 07:57,25.18,67.65,4.38,52,1,17.05,61,47,33
2023-09-21 08:07,26.37,65.39,5.09,51,1,14.95,72,53,37
2023-09-21 08:18,26.45,64.44,5.04,50,1,14.95,72,53,37
2023-09-21 08:28,25.72,66.84,5.43,50,1,14.95,72,53,37
2023-09-21 08:38,27.03,63.3,5.75,50,1,14.95,72,53,37
2023-09-21 08:49,27.82,60.77,6.04,50,1,14.95,72,53,37
2023-09-21 08:59,25.38,67.48,1.05,49,1,14.95,72,53,37
2023-09-21 09:09,27.0,61.3,4.58,49,1,14.07,78,59,20
2023-09-21 09:20,27.21,60.41,6.23,48,1,14.07,78,59,20
2023-09-21 09:30,28.49,56.47,6.17,48,1,14.07,78,59,20
2023-09-21 09:41,27.5,57.98,4.55,47,1,14.07,78,59,20
2023-09-21 09:51,27.31,57.4,5.46,47,1,14.07,78,59,20
2023-09-21 10:01,29.28,57.32,6.59,47,1,12.9,83,43,4
2023-09-21 10:12,23.43,67.7,4.25,48,1,12.9,83,43,4
2023-09-21 10:22,28.52,56.09,6.59,48,1,12.9,83,43,4
2023-09-21 10:32,28.51,54.45,4.39,47,1,12.9,83,43,4
2023-09-21 10:43,29.28,52.87,6.69,47,1,12.9,83,43,4
2023-09-21 10:53,28.78,53.73,6.54,47,1,12.9,83,43,4
2023-09-21 11:03,28.54,55.15,4.27,47,1,12.11,85,38,0
2023-09-21 11:14,29.46,55.42,7.38,47,1,12.11,85,38,0
2023-09-21 11:24,30.08,51.27,7.57,48,1,12.11,85,38,0
2023-09-21 11:34,29.67,53.71,8.65,48,1,12.11,85,38,0
2023-09-21 11:45,29.12,52.56,5.2,49,1,12.11,85,38,0
2023-09-21 11:55,32.35,46.2,8.39,48,1,12.11,85,38,0
2023-09-21 12:05,32.44,47.58,8.64,48,1,11.68,86,37,7
2023-09-21 12:16,31.5,47.21,7.74,48,1,11.68,86,37,7
2023-09-21 12:26,33.03,44.57,7.32,48,1,11.68,86,37,7
2023-09-21 12:37,31.51,47.84,5.2,48,1,11.68,86,37,7
2023-09-21 12:47,30.15,47.96,1.08,48,1,11.68,86,37,7
2023-09-21 12:57,31.93,46.43,6.09,48,1,11.86,84,77,4
2023-09-21 13:08,32.4,44.75,6.72,47,1,11.47,85,69,11
2023-09-21 13:18,30.57,46.73,6.27,48,1,11.47,85,69,11
2023-09-21 13:28,28.89,48.91,6.4,48,1,11.47,85,69,11
2023-09-21 13:39,32.57,42.83,5.53,47,1,11.47,85,69,11
2023-09-21 13:49,33.18,44.53,6.54,48,1,11.47,85,69,11
2023-09-21 13:59,30.32,45.43,4.2,48,1,11.47,85,69,11
2023-09-21 14:10,33.06,41.31,6.2,49,1,11.1,85,71,11
2023-09-21 14:20,33.06,39.28,6.31,49,1,11.1,85,71,11
2023-09-21 14:30,31.17,43.98,5.49,50,1,11.1,85,71,11
2023-09-21 14:41,30.82,44.97,5.21,50,1,11.1,85,71,11
2023-09-21 14:51,28.76,47.79,0.91,50,1,11.1,85,71,11
2023-09-21 15:01,29.58,47.97,5.35,52,1,10.76,84,71,8
2023-09-21 15:12,29.43,47.1,1.03,52,1,10.76,84,71,8
2023-09-21 15:22,26.44,54.67,0.64,52,1,10.76,84,71,8
2023-09-21 15:32,29.26,48.16,4.61,52,1,10.76,84,71,8
2023-09-21 15:43,29.05,46.44,0.68,52,1,10.76,84,71,8
2023-09-21 15:53,26.25,53.41,0.7,52,1,10.76,84,71,8
2023-09-21 16:04,26.99,54.66,0.92,53,1,10.41,84,7,9
2023-09-21 16:14,29.3,46.25,0.86,53,1,10.41,84,7,9
2023-09-21 16:24,26.02,53.85,0.46,52,1,10.41,84,7,9
2023-09-21 16:35,24.2,60.94,0.36,53,1,10.41,84,7,9
2023-09-21 16:45,26.81,54.87,0.4,53,1,10.41,84,7,9
2023-09-21 16:55,26.36,55.57,0.67,53,1,10.41,84,7,9
2023-09-21 17:06,25.85,56.25,0.49,53,1,10.15,85,25,10
2023-09-21 17:16,25.2,58.28,0.26,53,1,10.15,85,25,10
2023-09-21 17:26,23.33,66.73,0.18,53,1,10.15,85,25,10
2023-09-21 17:37,22.92,67.76,0.16,53,1,10.15,85,25,10
2023-09-21 17:47,21.5,74.99,0.32,55,1,10.15,85,25,10
2023-09-21 17:57,20.82,78.1,0.4,55,1,10.15,85,25,10
2023-09-21 18:08,20.55,81.09,0.14,55,1,9.9,86,49,6
2023-09-21 18:18,20.06,84.35,0.09,55,1,9.9,86,49,6
2023-09-21 18:28,19.81,84.58,0.2,55,1,9.9,86,49,6
2023-09-21 18:39,20.14,85.25,0.16,55,1,9.9,86,49,6
2023-09-21 18:49,19.95,86.81,0.17,55,1,9.92,88,10,5
2023-09-21 18:59,19.99,92.8,0.14,55,1,9.92,88,10,5
2023-09-21 19:10,19.61,99.61,0.15,55,1,9.72,88,14,7
2023-09-21 19:20,19.51,100.0,0.15,55,1,9.72,88,14,7
2023-09-21 19:31,19.22,100.0,0.23,55,1,9.72,88,14,7
2023-09-21 19:41,18.9,100.0,0.21,56,1,9.72,88,14,7
2023-09-21 19:51,18.73,100.0,0.18,55,1,9.72,88,14,7
2023-09-21 20:02,18.78,100.0,0.18,55,1,9.59,88,15,7
2023-09-21 20:12,18.42,100.0,0.25,56,1,9.59,88,15,7
2023-09-21 20:22,18.39,100.0,0.29,56,1,9.59,88,15,7
2023-09-21 20:33,18.45,100.0,0.32,55,1,9.59,88,15,7
2023-09-21 20:43,18.44,100.0,0.19,56,1,9.59,88,15,7
2023-09-21 20:53,18.03,100.0,0.2,55,1,9.59,88,15,7
2023-09-21 21:04,17.9,100.0,0.32,55,1,12.56,78,22,6
2023-09-21 21:14,17.75,100.0,0.29,55,1,12.56,78,22,6
2023-09-21 21:24,17.74,100.0,0.26,54,1,12.56,78,22,6
2023-09-21 21:35,17.95,100.0,0.46,54,1,12.56,78,22,6
2023-09-21 21:45,17.64,100.0,0.18,54,1,12.56,78,22,6
2023-09-21 21:55,17.58,100.0,0.24,54,1,12.56,78,22,6
2023-09-21 22:06,17.41,100.0,0.36,54,1,15.7,65,95,0
2023-09-21 22:16,17.26,100.0,0.37,54,1,15.7,65,95,0
2023-09-21 22:27,17.12,100.0,0.05,54,1,15.7,65,95,0
2023-09-21 22:37,16.73,100.0,0.1,54,1,15.7,65,95,0
2023-09-21 22:47,16.66,100.0,0.0,54,1,15.7,65,95,0
2023-09-21 22:58,16.57,100.0,0.23,54,1,15.7,65,95,0
2023-09-21 23:08,16.63,100.0,0.2,54,1,18.84,50,77,0
2023-09-21 23:18,16.25,100.0,0.2,54,1,18.84,50,77,0
2023-09-21 23:29,16.02,100.0,0.22,54,1,18.84,50,77,0
2023-09-21 23:39,16.11,100.0,0.51,54,1,18.84,50,77,0
2023-09-21 23:49,15.83,100.0,0.33,54,1,18.84,50,77,0
2023-09-22 00:00,15.6,100.0,0.16,54,1,19.34,55,87,0
2023-09-22 00:10,15.16,100.0,0.04,54,1,21.31,40,65,0
2023-09-22 00:20,14.94,100.0,0.22,55,1,21.31,40,65,0
2023-09-22 00:31,15.16,100.0,0.3,54,1,21.31,40,65,0
2023-09-22 00:41,14.89,100.0,0.01,54,1,21.31,40,65,0
2023-09-22 00:51,14.62,100.0,0.2,54,1,21.17,39,41,0
2023-09-22 01:02,14.68,100.0,0.22,54,1,22.52,34,54,0
2023-09-22 01:12,14.62,100.0,0.15,54,1,22.52,34,54,0
2023-09-22 01:22,14.55,100.0,0.32,54,1,22.52,34,54,0
2023-09-22 01:33,14.68,100.0,0.22,54,1,22.52,34,54,0
2023-09-22 01:43,14.32,100.0,0.06,54,1,22.52,34,54,0
2023-09-22 01:54,14.22,100.0,0.15,54,1,22.52,34,54,0
2023-09-22 02:04,14.07,100.0,0.45,54,1,23.19,33,62,8
2023-09-22 02:14,14.02,100.0,0.15,54,1,23.19,33,62,8
2023-09-22 02:25,14.1,100.0,0.13,54,1,23.19,33,62,8
2023-09-22 02:35,14.14,100.0,0.11,54,1,23.19,33,62,8
2023-09-22 02:45,14.12,100.0,0.14,55,1,23.19,33,62,8
2023-09-22 02:56,13.92,100.0,0.2,54,1,23.19,33,62,8
2023-09-22 03:06,13.81,100.0,0.27,54,1,23.4,34,61,16
2023-09-22 03:16,13.88,100.0,0.32,54,1,23.4,34,61,16
2023-09-22 03:27,13.73,100.0,0.59,54,1,23.4,34,61,16
2023-09-22 03:37,13.44,100.0,0.08,54,1,23.4,34,61,16
2023-09-22 03:47,13.45,100.0,0.78,54,1,23.4,34,61,16
2023-09-22 03:58,13.22,100.0,0.2,54,1,23.4,34,61,16
2023-09-22 04:08,13.05,100.0,0.23,54,1,21.18,45,69,62
2023-09-22 04:18,13.2,100.0,0.32,54,1,21.18,45,69,62
2023-09-22 04:29,12.92,100.0,0.32,54,1,21.18,45,69,62
2023-09-22 04:39,12.96,100.0,0.18,54,1,21.18,45,69,62
2023-09-22 04:50,12.65,100.0,0.32,54,1,21.18,45,69,62
2023-09-22 05:00,12.35,100.0,0.24,55,1,19.65,57,41,56
2023-09-22 05:10,12.23,100.0,0.26,55,1,18.07,65,76,66
2023-09-22 05:21,11.95,100.0,0.16,55,1,18.07,65,76,66
2023-09-22 05:31,12.23,100.0,0.22,55,1,18.07,65,76,66
2023-09-22 05:41,12.39,100.0,0.19,55,1,18.07,65,76,66
2023-09-22 05:52,12.32,100.0,0.18,55,1,18.07,65,76,66
2023-09-22 06:02,12.35,100.0,0.32,55,1,16.69,75,80,66
2023-09-22 06:12,12.45,100.0,0.22,55,1,16.69,75,80,66
2023-09-22 06:23,12.37,100.0,0.19,55,1,16.69,75,80,66
2023-09-22 06:33,13.55,100.0,0.39,54,1,16.69,75,80,66
2023-09-22 06:43,15.38,100.0,0.32,54,1,16.91,75,75,73
2023-09-22 06:54,17.71,100.0,0.55,54,1,16.91,75,75,73
2023-09-22 07:04,19.74,92.3,0.53,54,1,15.97,80,78,81
2023-09-22 07:14,21.19,85.55,0.64,54,1,15.97,80,78,81
2023-09-22 07:25,22.33,80.67,0.75,53,1,15.97,80,78,81
2023-09-22 07:35,22.54,81.53,0.43,53,1,15.97,80,78,81
2023-09-22 07:45,21.53,83.58,0.86,53,1,15.97,80,78,81
2023-09-22 07:56,22.65,81.19,1.12,53,1,15.97,80,78,81
2023-09-22 08:06,24.78,72.82,4.37,52,1,14.15,88,80,85
2023-09-22 08:17,26.62,67.51,4.85,51,1,14.15,88,80,85
2023-09-22 08:27,26.21,69.04,4.83,51,1,14.15,88,80,85
2023-09-22 08:37,28.21,64.93,5.31,51,1,14.15,88,80,85
2023-09-22 08:48,29.14,60.7,5.71,51,1,14.15,88,80,85
2023-09-22 08:58,29.37,60.9,5.9,50,1,14.15,88,80,85
2023-09-22 09:08,28.11,63.9,4.67,50,1,13.4,91,83,85
2023-09-22 09:19,27.9,62.2,5.93,51,1,13.4,91,83,85
2023-09-22 09:29,29.36,58.18,5.81,50,1,13.4,91,83,85
2023-09-22 09:39,30.22,55.15,5.81,48,1,13.4,91,83,85
2023-09-22 09:50,29.64,56.25,5.54,47,1,13.4,91,83,85
2023-09-22 10:00,26.84,61.31,5.76,47,1,14.22,84,100,44
2023-09-22 10:10,29.98,55.57,6.04,48,1,13.41,90,99,61
2023-09-22 10:31,31.34,46.84,4.49,46,1,13.41,90,99,61
2023-09-22 10:41,30.6,49.77,6.59,46,1,13.41,90,99,61
2023-09-22 10:52,31.21,48.19,6.73,46,1,13.41,90,99,61
2023-09-22 11:02,32.94,46.54,7.32,47,1,13.08,91,99,57
2023-09-22 11:13,30.53,48.48,4.31,47,1,13.08,91,99,57
2023-09-22 11:23,30.73,52.1,4.86,47,1,13.08,91,99,57
2023-09-22 11:33,29.21,53.75,4.71,48,1,13.08,91,99,57
2023-09-22 11:44,34.27,47.17,8.97,47,1,13.08,91,99,57
2023-09-22 11:54,30.0,51.76,6.53,47,1,13.08,91,99,57
2023-09-22 12:04,28.36,57.87,4.37,42,1,12.55,92,100,57
2023-09-22 12:15,32.69,47.79,5.81,42,1,12.55,92,100,57
2023-09-22 12:25,32.7,47.55,7.56,43,1,12.55,92,100,57
2023-09-22 12:35,33.04,44.65,7.13,42,1,12.55,92,100,57
2023-09-22 12:46,35.41,42.9,6.59,42,1,12.55,92,100,57
2023-09-22 12:56,29.11,48.73,0.86,43,1,12.07,92,84,40
2023-09-22 13:06,27.6,53.98,1.06,44,1,12.27,92,96,51
2023-09-22 13:17,27.03,57.52,0.74,45,1,12.85,91,100,48
2023-09-22 13:27,26.8,60.04,0.98,46,1,11.62,92,85,37
2023-09-22 13:37,31.73,47.88,6.07,44,1,11.62,92,85,37
2023-09-22 13:48,30.76,49.37,0.98,43,1,11.62,92,85,37
2023-09-22 13:58,28.39,57.39,5.96,45,1,11.62,92,85,37
2023-09-22 14:08,27.81,58.46,0.81,45,1,11.04,93,75,42
2023-09-22 14:19,26.51,64.07,0.62,46,1,11.04,93,75,42
2023-09-22 14:29,32.66,49.37,5.9,45,1,11.04,93,75,42
2023-09-22 14:40,33.59,44.17,5.91,45,1,11.04,93,75,42
2023-09-22 14:50,33.68,43.08,5.64,46,1,11.04,93,75,42
2023-09-22 15:00,33.47,43.2,5.35,46,1,11.18,91,95,52
2023-09-22 15:11,28.19,54.19,0.71,46,1,10.7,93,68,39
2023-09-22 15:21,27.21,60.7,0.58,46,1,10.7,93,68,39
2023-09-22 15:31,25.73,65.0,0.55,47,1,10.7,93,68,39
2023-09-22 15:42,25.28,69.91,0.57,47,1,10.7,93,68,39
2023-09-22 15:52,24.8,76.24,0.37,47,1,10.7,93,68,39
2023-09-22 16:02,23.87,87.61,0.23,47,1,10.72,91,76,44
2023-09-22 16:13,20.51,100.0,0.23,49,36,10.72,91,76,44
2023-09-22 16:23,18.33,100.0,0.23,50,35,10.72,91,76,44
2023-09-22 16:33,18.33,100.0,0.44,50,35,10.72,91,76,44
2023-09-22 16:44,17.3,100.0,0.22,56,29,10.72,91,76,44
2023-09-22 16:54,16.76,95.77,0.25,55,31,10.72,91,76,44
2023-09-22 17:04,16.78,96.81,0.21,52,30,10.55,90,87,43
2023-09-22 17:15,17.04,100.0,0.43,53,33,10.55,90,87,43
2023-09-22 17:25,16.91,100.0,0.15,54,32,10.55,90,87,43
2023-09-22 17:36,17.4,100.0,0.29,62,32,10.55,90,87,43
2023-09-22 17:46,17.14,100.0,0.23,62,30,10.55,90,87,43
2023-09-22 17:56,17.12,100.0,0.16,62,36,10.55,90,87,43
2023-09-22 18:07,16.94,100.0,0.17,63,44,10.49,89,91,44
2023-09-22 18:17,17.36,100.0,0.18,64,44,10.49,89,91,44
2023-09-22 18:27,17.43,100.0,0.2,64,44,10.49,89,91,44
2023-09-22 18:38,17.23,100.0,0.12,59,44,10.49,89,91,44
2023-09-22 18:48,17.18,100.0,0.19,59,50,11.74,85,100,60
2023-09-22 18:58,16.91,100.0,0.3,58,58,11.14,86,100,47
2023-09-22 19:19,16.94,100.0,0.04,62,56,10.6,86,100,47
2023-09-22 19:29,16.96,100.0,0.31,60,55,10.6,86,100,47
2023-09-22 19:40,16.6,100.0,0.03,62,54,10.6,86,100,47
2023-09-22 19:50,16.39,100.0,0.14,60,49,10.6,86,100,47
2023-09-22 20:00,16.41,100.0,0.23,61,35,11.13,84,100,56
2023-09-22 20:11,16.64,100.0,0.07,60,43,10.62,84,100,43
2023-09-22 20:21,17.0,100.0,0.0,60,39,10.62,84,100,43
2023-09-22 20:31,16.97,100.0,0.08,61,33,10.62,84,100,43
2023-09-22 20:42,17.22,100.0,0.23,62,29,10.62,84,100,43
2023-09-22 20:52,17.37,100.0,0.18,61,1,10.62,84,100,43
2023-09-22 21:03,17.41,100.0,0.29,61,1,12.57,78,100,36
2023-09-22 21:13,17.75,100.0,0.31,61,1,12.57,78,100,36
2023-09-22 21:23,16.53,100.0,0.43,58,24,12.57,78,100,36
2023-09-22 21:34,16.61,100.0,0.23,57,34,12.57,78,100,36
2023-09-22 21:44,15.78,100.0,0.25,56,33,12.57,78,100,36
2023-09-22 21:54,15.97,100.0,0.23,56,40,12.57,78,100,36
2023-09-22 22:05,16.11,100.0,0.05,58,40,14.87,66,100,1
2023-09-22 22:15,15.39,100.0,0.2,56,40,14.87,66,100,1
2023-09-22 22:25,15.01,100.0,0.23,59,46,14.87,66,100,1
2023-09-22 22:36,14.86,100.0,0.36,56,50,14.87,66,100,1
2023-09-22 22:46,14.95,100.0,0.2,57,45,14.87,66,100,1
2023-09-22 22:56,14.84,100.0,0.37,56,46,14.87,66,100,1
2023-09-22 23:07,14.89,100.0,0.44,57,48,17.76,55,100,1
2023-09-22 23:17,14.89,100.0,0.22,58,50,17.76,55,100,1
2023-09-22 23:27,14.81,100.0,0.27,57,52,17.76,55,100,1
2023-09-22 23:38,14.7,100.0,0.47,58,52,17.76,55,100,1
2023-09-22 23:48,14.8,100.0,0.18,59,52,17.76,55,100,1
2023-09-22 23:58,14.91,100.0,0.04,59,51,17.76,55,100,1
2023-09-23 00:09,14.68,100.0,0.15,59,52,20.18,47,100,28
2023-09-23 00:19,14.77,100.0,0.45,58,52,20.18,47,100,28
2023-09-23 00:30,14.91,100.0,0.21,59,54,20.18,47,100,28
2023-09-23 00:40,14.78,100.0,0.27,59,54,20.18,47,100,28
2023-09-23 00:50,14.95,100.0,0.22,58,54,20.18,47,100,28
2023-09-23 01:01,14.81,100.0,0.15,58,55,21.29,46,100,39
2023-09-23 01:11,15.09,100.0,0.26,58,54,20.6,48,100,28
2023-09-23 01:21,14.95,100.0,0.19,58,52,21.25,47,97,39
2023-09-23 01:32,14.92,100.0,0.08,58,55,21.25,47,97,39
2023-09-23 01:42,15.14,100.0,0.0,58,55,21.25,47,97,39
2023-09-23 01:52,15.2,100.0,0.15,58,55,21.25,47,97,39
2023-09-23 02:03,14.95,100.0,0.31,57,55,19.79,55,97,47
2023-09-23 02:13,14.95,100.0,0.22,58,55,19.79,55,97,47
2023-09-23 02:23,14.77,100.0,0.18,58,55,19.79,55,97,47
2023-09-23 02:34,14.73,100.0,0.55,58,54,19.79,55,97,47
2023-09-23 02:44,14.7,100.0,0.18,58,55,19.79,55,97,47
2023-09-23 02:54,14.72,100.0,0.06,59,55,19.79,55,97,47
2023-09-23 03:05,14.68,100.0,0.06,58,55,17.82,68,98,62
2023-09-23 03:15,14.55,100.0,0.32,58,55,17.82,68,98,62
2023-09-23 03:26,14.33,100.0,0.15,58,55,17.82,68,98,62
2023-09-23 03:36,14.4,100.0,0.14,58,50,17.82,68,98,62
2023-09-23 03:46,14.42,100.0,0.18,58,53,17.82,68,98,62
2023-09-23 03:57,14.35,100.0,0.2,59,52,17.82,68,98,62
2023-09-23 04:07,14.35,100.0,0.2,59,52,17.07,75,92,92
2023-09-23 04:17,14.47,100.0,0.18,60,53,17.07,75,92,92
2023-09-23 04:28,14.25,100.0,0.22,60,52,17.07,75,92,92
2023-09-23 04:38,14.07,100.0,0.1,61,48,17.07,75,92,92
2023-09-23 04:48,14.18,100.0,0.2,62,46,17.07,75,92,92
2023-09-23 04:59,14.39,100.0,0.24,61,46,17.07,75,92,92
2023-09-23 05:09,14.39,100.0,0.0,63,45,16.53,78,95,92
2023-09-23 05:19,14.37,100.0,0.24,63,45,16.53,78,95,92
2023-09-23 05:30,14.5,100.0,0.22,64,44,16.53,78,95,92
2023-09-23 05:40,14.4,100.0,0.34,64,41,16.53,78,95,92
2023-09-23 05:50,14.24,100.0,0.41,64,47,16.53,78,95,92
2023-09-23 06:01,14.18,100.0,0.33,64,46,16.15,80,93,92
2023-09-23 06:11,14.36,100.0,0.18,63,47,16.15,80,93,92
2023-09-23 06:21,14.65,100.0,0.17,64,46,16.15,80,93,92
2023-09-23 06:32,15.14,100.0,0.35,65,45,16.15,80,93,92
2023-09-23 06:42,15.64,100.0,0.68,66,44,16.15,80,93,92
2023-09-23 06:53,15.47,100.0,0.27,65,43,15.97,80,98,92
2023-09-23 07:03,15.84,100.0,0.44,66,41,14.64,88,99,96
2023-09-23 07:13,18.5,100.0,0.65,66,39,14.64,88,99,96
2023-09-23 07:24,18.08,100.0,0.75,66,33,14.64,88,99,96
2023-09-23 07:34,18.78,100.0,0.58,67,26,14.64,88,99,96
2023-09-23 07:44,20.1,100.0,0.23,66,29,14.64,88,99,96
2023-09-23 07:55,19.71,100.0,0.6,68,22,14.64,88,99,96
2023-09-23 08:05,17.97,100.0,0.4,68,10,13.03,93,93,96
2023-09-23 08:15,20.95,100.0,4.65,66,10,13.03,93,93,96
2023-09-23 08:26,24.91,92.83,4.45,66,9,13.03,93,93,96
2023-09-23 08:36,25.02,87.0,4.89,68,9,13.03,93,93,96
2023-09-23 08:46,21.65,100.0,0.78,67,8,13.03,93,93,96
2023-09-23 08:57,24.49,88.72,5.36,65,8,13.03,93,93,96
2023-09-23 09:07,21.24,97.9,0.82,67,7,12.73,94,94,97
2023-09-23 09:17,21.38,100.0,1.16,67,8,12.73,94,94,97
2023-09-23 09:28,26.54,81.86,6.23,66,8,12.73,94,94,97
2023-09-23 09:38,26.23,79.43,4.76,68,7,12.73,94,94,97
2023-09-23 09:48,26.21,79.84,5.12,68,6,12.73,94,94,97
2023-09-23 09:59,25.57,82.41,4.55,68,6,12.73,94,94,97
2023-09-23 10:09,25.54,81.09,4.68,68,6,12.34,95,100,56
2023-09-23 10:20,25.23,81.95,4.94,68,6,12.34,95,100,56
2023-09-23 10:30,27.37,75.38,4.39,67,6,12.34,95,100,56
2023-09-23 10:40,26.36,78.91,5.13,68,6,12.34,95,100,56
2023-09-23 10:51,25.1,78.25,4.74,67,5,12.34,95,100,56
2023-09-23 11:01,23.88,82.16,4.79,69,6,12.07,95,100,52
2023-09-23 11:11,26.72,72.71,7.92,69,5,12.07,95,100,52
2023-09-23 11:22,29.33,61.67,8.12,68,5,12.07,95,100,52
2023-09-23 11:32,29.57,63.9,8.39,68,4,12.07,95,100,52
2023-09-23 11:42,28.92,63.49,8.64,66,4,12.07,95,100,52
2023-09-23 12:03,31.14,60.17,9.24,68,4,11.65,95,100,52
2023-09-23 12:13,27.79,67.0,4.74,68,3,11.65,95,100,52
2023-09-23 12:24,30.98,59.43,7.63,63,3,11.65,95,100,52
2023-09-23 12:34,31.02,58.08,7.67,68,3,11.65,95,100,52
2023-09-23 12:44,26.81,68.97,4.24,68,2,11.84,95,100,60
2023-09-23 12:55,30.91,61.92,6.55,68,3,11.84,95,100,60
2023-09-23 13:05,31.76,58.2,6.27,67,3,12.19,92,100,63
2023-09-23 13:16,30.97,59.29,6.31,66,2,12.19,92,100,63
2023-09-23 13:26,30.92,60.01,6.19,67,2,12.19,92,100,63
2023-09-23 13:36,31.54,56.75,6.18,66,2,12.19,92,100,63
2023-09-23 13:47,33.04,54.81,6.16,66,2,12.19,92,100,63
2023-09-23 13:57,31.7,55.2,4.25,64,1,12.19,92,100,63
2023-09-23 14:07,30.62,57.96,6.35,64,1,11.4,93,100,63
2023-09-23 14:18,29.0,59.81,1.16,67,1,11.4,93,100,63
2023-09-23 14:28,30.98,55.96,6.18,67,2,11.4,93,100,63
2023-09-23 14:38,31.73,53.48,6.01,67,2,11.4,93,100,63
2023-09-23 14:49,32.69,51.07,5.85,67,2,11.4,93,100,63
2023-09-23 14:59,31.13,54.18,5.1,67,2,11.4,93,100,63
2023-09-23 15:09,26.47,64.21,0.54,66,1,11.07,93,100,63
2023-09-23 15:20,25.25,79.79,0.31,66,1,11.07,93,100,63
2023-09-23 15:30,24.42,84.56,0.41,65,1,11.07,93,100,63
2023-09-23 15:40,23.2,95.93,0.08,67,1,11.07,93,100,63
2023-09-23 15:51,22.61,100.0,0.34,66,21,11.07,93,100,63
2023-09-23 16:01,19.28,100.0,0.32,64,25,10.79,93,100,24
2023-09-23 16:11,18.84,100.0,0.28,58,24,10.79,93,100,24
2023-09-23 16:22,18.7,100.0,0.34,63,27,10.79,93,100,24
2023-09-23 16:32,18.36,100.0,0.31,61,23,10.79,93,100,24
2023-09-23 16:43,17.99,100.0,0.32,60,28,10.79,93,100,24
2023-09-23 16:53,18.33,100.0,0.29,63,26,10.79,93,100,24
2023-09-23 17:03,18.03,100.0,0.33,62,23,10.76,92,100,30
2023-09-23 17:14,18.42,100.0,0.32,60,25,10.76,92,100,30
2023-09-23 17:24,18.25,100.0,0.31,56,23,10.76,92,100,30
2023-09-23 17:34,17.81,100.0,0.18,59,23,10.76,92,100,30
2023-09-23 17:45,17.86,100.0,0.27,69,24,10.76,92,100,30
2023-09-23 17:55,17.54,100.0,0.15,67,22,10.76,92,100,30
2023-09-23 18:05,17.54,100.0,0.18,60,22,10.52,92,100,31
2023-09-23 18:16,17.16,100.0,0.2,59,22,10.52,92,100,31
2023-09-23 18:26,16.85,100.0,0.3,62,22,10.52,92,100,31
2023-09-23 18:36,16.49,100.0,0.1,60,22,10.18,92,100,31
2023-09-23 18:47,16.82,100.0,0.18,60,22,10.18,92,100,31
2023-09-23 18:57,16.48,100.0,0.08,60,21,10.18,92,100,31
2023-09-23 19:07,16.64,100.0,0.31,63,20,9.94,92,100,27
2023-09-23 19:18,16.5,100.0,0.32,60,19,9.94,92,100,27
2023-09-23 19:28,16.3,100.0,0.32,61,18,9.94,92,100,27
2023-09-23 19:39,16.61,100.0,0.24,62,17,9.94,92,100,27
2023-09-23 19:49,16.63,100.0,0.32,61,15,9.94,92,100,27
2023-09-23 19:59,16.12,100.0,0.32,62,9,9.94,92,100,27
2023-09-23 20:10,16.11,100.0,0.0,63,6,9.87,91,100,27
2023-09-23 20:20,16.14,100.0,0.26,62,3,9.87,91,100,27
2023-09-23 20:30,16.33,100.0,0.2,65,2,9.87,91,100,27
2023-09-23 20:41,16.39,100.0,0.2,63,1,9.87,91,100,27
2023-09-23 20:51,16.53,100.0,0.23,62,1,9.87,91,100,27
2023-09-23 21:01,16.5,100.0,0.24,66,1,11.84,85,100,27
2023-09-23 21:12,16.46,100.0,0.32,66,1,11.84,85,100,27
2023-09-23 21:22,16.68,100.0,0.04,66,1,11.84,85,100,27
2023-09-23 21:32,16.73,100.0,0.19,66,1,11.84,85,100,27
2023-09-23 21:43,16.98,100.0,0.18,64,1,11.84,85,100,27
2023-09-23 21:53,16.88,100.0,0.24,72,1,11.84,85,100,27
2023-09-23 22:03,16.97,100.0,0.19,73,1,14.57,73,100,7
2023-09-23 22:14,17.12,100.0,0.21,73,1,14.57,73,100,7
2023-09-23 22:24,16.93,100.0,0.32,74,1,14.57,73,100,7
2023-09-23 22:34,17.04,100.0,0.26,73,1,14.57,73,100,7
2023-09-23 22:45,17.11,100.0,0.23,74,1,14.57,73,100,7
2023-09-23 22:55,17.41,100.0,0.18,74,1,14.57,73,100,7
2023-09-23 23:06,17.36,100.0,0.15,74,1,17.27,60,99,7
2023-09-23 23:16,17.25,100.0,0.29,74,1,17.27,60,99,7
2023-09-23 23:26,17.26,100.0,0.36,75,1,17.27,60,99,7
2023-09-23 23:37,17.12,100.0,0.19,75,1,17.27,60,99,7
2023-09-23 23:47,17.19,100.0,0.59,74,1,17.27,60,99,7
2023-09-23 23:57,17.25,100.0,0.22,75,1,17.27,60,99,7
2023-09-24 00:08,17.16,100.0,0.27,75,1,19.84,49,98,7
2023-09-24 00:18,17.11,100.0,0.16,74,1,19.84,49,98,7
2023-09-24 00:28,16.94,100.0,0.22,75,1,19.84,49,98,7
2023-09-24 00:39,17.0,100.0,0.23,75,1,19.84,49,98,7
2023-09-24 00:49,17.0,100.0,0.32,74,1,19.84,49,98,7
2023-09-24 00:59,16.91,100.0,0.2,74,1,19.84,49,98,7
2023-09-24 01:10,17.07,100.0,0.26,75,1,20.77,48,95,27
2023-09-24 01:20,17.08,100.0,0.2,74,1,20.7,49,100,16
2023-09-24 01:30,17.18,100.0,0.45,69,1,20.58,50,85,25
2023-09-24 01:41,17.07,100.0,0.24,69,1,20.58,50,85,25
2023-09-24 01:51,17.15,100.0,0.22,67,1,20.58,50,85,25
2023-09-24 02:02,17.25,100.0,0.3,68,1,19.66,55,86,20
2023-09-24 02:12,17.21,100.0,0.29,67,1,19.66,55,86,20
2023-09-24 02:22,17.21,100.0,0.19,67,1,19.66,55,86,20
2023-09-24 02:33,17.0,100.0,0.18,67,1,19.66,55,86,20
2023-09-24 02:43,16.91,100.0,0.2,67,1,19.66,55,86,20
2023-09-24 02:53,16.83,100.0,0.18,68,1,19.66,55,86,20
2023-09-24 03:04,16.83,100.0,0.36,68,1,18.96,61,87,62
2023-09-24 03:14,17.06,100.0,0.26,67,1,18.96,61,87,62
2023-09-24 03:24,17.0,100.0,0.45,67,1,18.96,61,87,62
2023-09-24 03:35,17.06,100.0,0.55,67,1,18.96,61,87,62
2023-09-24 03:45,16.82,100.0,0.06,67,1,18.96,61,87,62
2023-09-24 03:55,16.82,100.0,0.18,67,1,18.96,61,87,62
2023-09-24 04:06,16.82,100.0,0.18,67,1,18.7,63,99,92
2023-09-24 04:16,16.86,100.0,0.29,67,1,18.7,63,99,92
2023-09-24 04:26,16.88,100.0,0.23,67,1,18.7,63,99,92
2023-09-24 04:37,16.88,100.0,0.0,67,1,18.7,63,99,92
2023-09-24 04:47,16.81,100.0,0.02,67,1,18.7,63,99,92
2023-09-24 04:57,16.61,100.0,0.2,67,1,18.7,63,99,92
2023-09-24 05:08,16.45,100.0,0.1,67,1,17.55,70,99,92
2023-09-24 05:18,16.57,100.0,0.16,68,1,17.55,70,99,92
2023-09-24 05:29,16.7,100.0,0.18,67,1,17.55,70,99,92
2023-09-24 05:39,16.68,100.0,0.02,67,1,17.55,70,99,92
2023-09-24 05:49,16.76,100.0,0.46,67,1,17.55,70,99,92
2023-09-24 06:00,16.91,100.0,0.41,67,1,17.32,71,97,76
2023-09-24 06:10,16.96,100.0,0.14,67,1,17.37,69,99,92
2023-09-24 06:20,17.11,100.0,0.18,67,1,17.37,69,99,92
2023-09-24 06:31,17.41,100.0,0.53,68,1,17.37,69,99,92
2023-09-24 06:41,18.32,100.0,0.59,68,1,17.37,69,99,92
2023-09-24 06:51,20.26,100.0,0.68,68,1,17.37,69,99,92
2023-09-24 07:02,18.92,100.0,0.65,67,1,16.07,75,99,88
2023-09-24 07:12,20.79,98.23,0.64,68,1,16.07,75,99,88
2023-09-24 07:22,21.4,94.31,0.86,70,1,15.91,78,100,85
2023-09-24 07:33,19.68,100.0,0.52,68,1,15.91,78,100,85
2023-09-24 07:43,19.4,100.0,0.56,69,1,15.91,78,100,85
2023-09-24 07:53,19.77,100.0,0.97,68,1,15.91,78,100,85
2023-09-24 08:04,20.39,99.67,0.92,68,1,13.69,87,100,89
2023-09-24 08:14,20.26,99.12,0.81,69,1,13.69,87,100,89
2023-09-24 08:24,21.29,96.03,4.65,67,1,13.69,87,100,89
2023-09-24 08:35,22.95,89.51,4.27,67,1,13.69,87,100,89
2023-09-24 08:45,21.98,91.84,1.11,69,1,13.69,87,100,89
2023-09-24 08:56,24.9,82.07,5.23,69,1,13.69,87,100,89
2023-09-24 09:06,27.22,76.82,5.5,68,1,12.86,89,98,85
2023-09-24 09:16,25.73,76.23,6.31,69,1,12.86,89,98,85
2023-09-24 09:27,26.89,73.94,6.18,69,1,12.86,89,98,85
2023-09-24 09:37,26.5,74.49,6.19,70,1,12.86,89,98,85
2023-09-24 09:47,27.79,70.01,6.41,69,1,12.86,89,98,85
2023-09-24 09:58,26.62,74.3,6.47,69,1,12.86,89,98,85
2023-09-24 10:08,26.47,76.12,6.26,69,1,12.53,89,84,26
2023-09-24 10:18,26.36,73.2,6.05,69,1,12.53,89,84,26
2023-09-24 10:29,28.21,68.47,6.37,69,1,12.53,89,84,26
2023-09-24 10:39,28.51,68.49,6.59,69,1,12.53,89,84,26
2023-09-24 10:49,29.09,65.52,6.77,68,1,12.53,89,84,26
2023-09-24 11:00,29.97,58.71,6.99,68,1,11.93,87,99,40
2023-09-24 11:10,31.31,57.14,7.7,68,1,12.05,90,92,26
2023-09-24 11:20,30.31,57.4,8.19,69,1,12.05,90,92,26
2023-09-24 11:31,30.46,60.1,9.28,69,1,12.05,90,92,26
2023-09-24 11:41,29.15,60.34,9.31,70,1,12.05,90,92,26
2023-09-24 11:52,31.56,55.31,7.88,70,1,12.05,90,92,26
2023-09-24 12:02,32.01,53.36,8.88,69,1,11.65,91,90,26
2023-09-24 12:12,31.69,52.6,8.19,69,1,11.65,91,90,26
2023-09-24 12:23,32.33,53.36,7.74,69,1,11.65,91,90,26
2023-09-24 12:33,32.13,53.62,7.18,69,1,11.65,91,90,26
2023-09-24 12:43,32.38,53.05,7.14,69,1,11.65,91,90,26
2023-09-24 12:54,28.41,64.6,4.39,69,1,11.65,91,90,26
2023-09-24 13:04,26.4,69.78,4.39,69,1,11.4,91,90,27
2023-09-24 13:14,29.31,65.05,4.96,69,1,11.4,91,90,27
2023-09-24 13:25,32.77,55.92,6.59,69,1,11.44,90,89,38
2023-09-24 13:35,29.31,60.42,4.37,69,1,11.44,90,89,38
2023-09-24 13:45,25.75,73.53,0.32,69,1,11.44,90,89,38
2023-09-24 13:56,23.63,85.32,0.67,69,1,11.44,90,89,38
2023-09-24 14:06,25.4,80.99,4.41,70,1,11.07,91,90,34
2023-09-24 14:16,25.28,79.18,1.1,69,1,11.07,91,90,34
2023-09-24 14:27,24.31,78.2,1.04,70,1,11.07,91,90,34
2023-09-24 14:37,23.31,88.45,1.15,70,1,11.07,91,90,34
2023-09-24 14:47,22.39,95.72,1.0,70,1,11.07,91,90,34
2023-09-24 14:58,26.36,78.16,5.8,70,1,11.07,91,90,34
2023-09-24 15:08,28.73,66.76,5.5,70,1,10.75,91,92,34
2023-09-24 15:19,26.82,74.97,4.23,69,2,10.75,91,92,34
2023-09-24 15:29,24.49,79.25,1.16,70,1,10.75,91,92,34
2023-09-24 15:39,25.83,75.33,0.99,70,1,10.75,91,92,34
2023-09-24 15:50,24.68,78.47,0.86,70,1,10.75,91,92,34
2023-09-24 16:00,26.58,71.6,4.24,71,1,10.74,88,100,8
2023-09-24 16:10,28.46,66.23,1.11,70,1,10.34,91,100,5
2023-09-24 16:21,24.09,78.55,0.7,70,1,10.34,91,100,5
2023-09-24 16:31,22.61,82.98,0.43,70,1,10.34,91,100,5
2023-09-24 16:41,21.69,85.3,0.43,70,1,10.34,91,100,5
2023-09-24 16:52,21.87,85.95,0.48,70,1,10.34,91,100,5
2023-09-24 17:02,22.14,86.81,0.33,69,1,10.04,91,100,5
2023-09-24 17:12,21.65,86.27,0.34,70,1,10.04,91,100,5
2023-09-24 17:23,21.28,91.8,0.44,75,1,10.04,91,100,5
2023-09-24 17:33,21.28,90.49,0.38,75,1,10.04,91,100,5
2023-09-24 17:43,20.82,93.46,0.18,71,1,10.04,91,100,5
2023-09-24 17:54,20.43,94.81,0.27,69,1,10.04,91,100,5
2023-09-24 18:04,20.42,95.9,0.18,70,1,9.98,89,100,8
2023-09-24 18:15,20.08,98.75,0.31,69,1,10.01,91,100,5
2023-09-24 18:25,19.68,100.0,0.51,68,1,10.01,91,100,5
2023-09-24 18:35,19.1,100.0,0.0,69,1,10.01,91,100,5
2023-09-24 18:46,18.8,100.0,0.2,71,1,10.01,91,100,5
2023-09-24 18:56,19.02,100.0,0.05,71,1,10.01,91,100,5
2023-09-24 19:07,19.04,100.0,0.2,71,1,10.37,90,100,0
2023-09-24 19:17,18.8,100.0,0.21,71,1,10.37,90,100,0
2023-09-24 19:27,18.72,100.0,0.37,70,1,9.53,92,99,1
2023-09-24 19:37,18.62,100.0,0.18,70,1,9.53,92,99,1
2023-09-24 19:48,18.78,100.0,0.24,71,1,9.53,92,99,1
2023-09-24 19:58,18.84,100.0,0.19,72,1,9.53,92,99,1
2023-09-24 20:08,18.65,100.0,0.32,71,1,9.48,92,99,0
2023-09-24 20:19,18.73,100.0,0.2,71,1,9.48,92,99,0
2023-09-24 20:29,18.05,100.0,0.32,71,16,9.48,92,99,0
2023-09-24 20:39,17.66,100.0,0.09,71,24,9.48,92,99,0
2023-09-24 20:50,17.86,100.0,0.26,71,23,9.48,92,99,0
2023-09-24 21:00,17.89,100.0,0.18,70,27,11.73,84,100,0
2023-09-24 21:10,18.08,100.0,0.04,69,21,12.13,83,99,0
2023-09-24 21:21,18.08,100.0,0.32,71,20,12.13,83,99,0
2023-09-24 21:31,17.99,100.0,0.12,68,19,12.13,83,99,0
2023-09-24 21:42,17.95,100.0,0.38,69,19,12.13,83,99,0
2023-09-24 21:52,17.77,100.0,0.23,69,19,12.13,83,99,0
2023-09-24 22:02,17.52,100.0,0.32,68,18,15.29,69,95,0
2023-09-24 22:13,17.62,100.0,0.16,69,18,15.29,69,95,0
2023-09-24 22:23,17.71,100.0,0.26,69,18,15.29,69,95,0
2023-09-24 22:33,17.77,100.0,0.07,69,18,15.29,69,95,0
2023-09-24 22:44,17.75,100.0,0.18,69,18,15.29,69,95,0
2023-09-24 22:54,17.89,100.0,0.18,69,17,15.29,69,95,0
2023-09-24 23:04,17.81,100.0,0.17,69,17,17.77,59,97,0
2023-09-24 23:15,17.82,100.0,0.14,69,17,17.77,59,97,0
2023-09-24 23:25,18.15,100.0,0.31,70,17,17.77,59,97,0
2023-09-24 23:35,18.05,100.0,0.48,70,17,17.77,59,97,0
2023-09-24 23:46,18.0,100.0,0.19,70,17,17.77,59,97,0
2023-09-24 23:56,17.99,100.0,0.08,70,17,17.77,59,97,0
2023-09-25 00:06,17.96,100.0,0.26,70,16,19.57,53,97,19
2023-09-25 00:17,17.97,100.0,0.15,69,16,19.57,53,97,19
2023-09-25 00:27,17.63,100.0,0.19,69,16,19.57,53,97,19
2023-09-25 00:38,17.7,100.0,0.17,69,16,19.57,53,97,19
2023-09-25 00:48,17.51,100.0,0.23,70,2,19.57,53,97,19
2023-09-25 00:58,17.58,100.0,0.32,69,2,19.57,53,97,19
2023-09-25 01:09,17.41,100.0,0.19,68,2,19.82,55,94,31
2023-09-25 01:19,17.38,100.0,0.38,69,2,20.23,52,97,24
2023-09-25 01:29,17.06,100.0,0.11,69,1,19.18,58,98,44
2023-09-25 01:40,17.04,100.0,0.22,69,1,19.18,58,98,44
2023-09-25 01:50,16.91,100.0,0.13,69,1,19.18,58,98,44
2023-09-25 02:00,16.91,100.0,0.0,69,1,18.38,62,100,52
2023-09-25 02:11,17.04,100.0,0.18,68,1,18.73,63,96,69
2023-09-25 02:21,17.04,100.0,0.15,69,1,18.73,63,96,69
2023-09-25 02:31,16.73,100.0,0.32,69,1,18.73,63,96,69
2023-09-25 02:42,16.61,100.0,0.2,69,1,18.73,63,96,69
2023-09-25 02:52,16.76,100.0,0.55,69,2,18.73,63,96,69
2023-09-25 03:02,16.68,100.0,0.19,69,1,18.79,63,96,73
2023-09-25 03:13,16.71,100.0,0.04,69,1,18.79,63,96,73
2023-09-25 03:23,16.49,100.0,0.07,69,1,18.79,63,96,73
2023-09-25 03:33,16.24,100.0,0.09,69,1,18.79,63,96,73
2023-09-25 03:44,16.12,100.0,0.27,69,1,18.79,63,96,73
2023-09-25 03:54,16.42,100.0,0.12,68,1,18.79,63,96,73
2023-09-25 04:05,16.33,100.0,0.31,69,1,18.98,60,96,88
2023-09-25 04:15,16.01,100.0,0.2,70,1,18.98,60,96,88
2023-09-25 04:25,15.83,100.0,0.18,69,1,18.98,60,96,88
2023-09-25 04:36,15.53,100.0,0.34,69,1,18.98,60,96,88
2023-09-25 04:46,15.53,100.0,0.26,69,1,18.98,60,96,88
2023-09-25 04:56,15.38,100.0,0.23,69,1,18.98,60,96,88
2023-09-25 05:07,15.5,100.0,0.19,70,1,18.13,63,98,85
2023-09-25 05:17,15.9,100.0,0.26,70,1,18.13,63,98,85
2023-09-25 05:27,16.02,100.0,0.29,71,1,18.13,63,98,85
2023-09-25 05:38,15.84,100.0,0.32,70,1,18.13,63,98,85
2023-09-25 05:48,16.0,100.0,0.2,71,1,18.13,63,98,85
2023-09-25 05:58,16.12,100.0,0.19,70,1,18.13,63,98,85
2023-09-25 06:09,16.3,100.0,0.27,73,1,15.82,74,99,85
2023-09-25 06:19,16.46,100.0,0.67,72,1,15.82,74,99,85
2023-09-25 06:29,17.49,100.0,0.37,72,1,15.82,74,99,85
2023-09-25 06:40,18.91,100.0,0.75,72,1,15.82,74,99,85
2023-09-25 06:50,20.33,100.0,0.72,72,2,15.82,74,99,85
2023-09-25 07:01,19.74,100.0,0.62,72,1,16.11,75,99,68
2023-09-25 07:11,21.1,98.06,0.74,72,1,14.76,82,99,84
2023-09-25 07:21,20.85,98.21,4.19,72,1,15.66,78,85,80
2023-09-25 07:32,21.82,93.2,1.11,72,2,15.66,78,85,80
2023-09-25 07:42,20.54,98.53,0.96,72,1,15.66,78,85,80
2023-09-25 07:52,20.8,96.47,0.77,72,1,15.66,78,85,80
2023-09-25 08:03,21.42,94.56,4.17,72,1,13.58,86,81,80
2023-09-25 08:13,23.28,86.79,0.94,70,1,13.58,86,81,80
2023-09-25 08:23,22.18,90.06,4.16,72,1,13.58,86,81,80
2023-09-25 08:34,21.21,94.84,0.99,73,1,13.58,86,81,80
2023-09-25 08:44,27.29,75.93,6.46,70,3,13.58,86,81,80
2023-09-25 08:54,25.03,78.91,4.39,70,1,13.58,86,81,80
2023-09-25 09:05,23.53,85.11,4.45,71,1,12.49,89,72,76
2023-09-25 09:15,22.4,89.15,1.16,71,1,12.49,89,72,76
2023-09-25 09:25,26.92,76.07,6.34,70,1,12.49,89,72,76
2023-09-25 09:36,27.47,69.93,1.16,70,1,12.49,89,72,76
2023-09-25 09:46,22.97,85.45,0.73,70,1,12.49,89,72,76
2023-09-25 09:56,23.17,86.06,1.14,70,1,12.49,89,72,76
2023-09-25 10:07,24.2,83.55,4.37,71,1,11.98,90,27,16
2023-09-25 10:17,24.67,82.98,4.67,71,1,11.98,90,27,16
2023-09-25 10:28,26.52,74.17,4.65,70,1,11.98,90,27,16
2023-09-25 10:38,25.47,75.88,4.79,70,1,11.98,90,27,16
2023-09-25 10:48,25.09,74.11,4.52,70,1,11.98,90,27,16
2023-09-25 10:59,23.78,80.94,1.13,71,1,11.98,90,27,16
2023-09-25 11:09,26.63,72.88,5.63,70,1,11.61,91,21,17
2023-09-25 11:19,30.58,63.17,8.62,70,1,11.61,91,21,17
2023-09-25 11:30,28.11,68.54,5.65,70,1,11.61,91,21,17
2023-09-25 11:40,28.51,69.39,9.33,69,1,11.61,91,21,17
2023-09-25 11:50,30.0,62.36,9.06,68,1,11.61,91,21,17
2023-09-25 12:01,30.69,62.11,8.79,68,1,11.29,91,18,29
2023-09-25 12:11,31.32,56.79,6.45,69,1,11.29,91,18,29
2023-09-25 12:21,25.35,71.07,4.17,70,1,11.29,91,18,29
2023-09-25 12:32,23.8,83.59,0.95,70,1,11.29,91,18,29
2023-09-25 12:42,23.38,87.21,4.28,70,12,11.38,90,46,39
2023-09-25 12:52,23.23,87.8,1.01,71,11,11.38,90,46,39
2023-09-25 13:03,22.31,92.28,1.1,70,11,11.03,90,42,39
2023-09-25 13:13,22.61,94.84,4.39,70,14,11.03,90,42,39
2023-09-25 13:24,29.36,71.88,6.86,69,14,11.03,90,42,39
2023-09-25 13:34,29.57,68.64,6.91,69,13,11.03,90,42,39
2023-09-25 13:44,27.94,70.53,5.9,69,12,11.03,90,42,39
2023-09-25 13:55,29.83,64.75,6.1,69,11,11.03,90,42,39
2023-09-25 14:05,28.14,67.58,5.6,68,11,10.81,90,37,39
2023-09-25 14:15,28.7,69.7,4.42,69,10,10.81,90,37,39
2023-09-25 14:26,24.62,78.13,0.6,69,8,10.81,90,37,39
2023-09-25 14:36,22.94,85.94,0.59,70,9,10.81,90,37,39
2023-09-25 14:46,27.51,73.02,6.04,72,10,10.81,90,37,39
2023-09-25 14:57,30.97,63.14,6.3,69,7,10.81,90,37,39
2023-09-25 15:07,29.16,68.37,5.04,71,8,10.54,90,39,35
2023-09-25 15:17,28.52,67.22,4.49,70,7,10.54,90,39,35
2023-09-25 15:28,24.43,79.4,0.59,70,7,10.54,90,39,35
2023-09-25 15:38,27.55,71.89,4.25,69,8,10.54,90,39,35
2023-09-25 15:48,27.54,71.55,4.54,70,9,10.54,90,39,35
2023-09-25 15:59,27.37,71.91,0.84,68,7,10.54,90,39,35
2023-09-25 16:09,25.82,75.74,1.04,69,7,10.34,89,20,9
2023-09-25 16:19,24.03,78.96,0.45,71,6,10.34,89,20,9
2023-09-25 16:30,24.16,80.28,0.45,70,6,10.34,89,20,9
2023-09-25 16:40,24.05,81.88,0.41,70,6,10.34,89,20,9
2023-09-25 16:51,23.36,85.44,0.41,69,6,10.34,89,20,9
2023-09-25 17:01,22.57,86.81,0.25,68,6,10.07,89,32,6
2023-09-25 17:11,22.65,87.52,0.34,69,5,10.07,89,32,6
2023-09-25 17:22,21.27,92.89,0.62,69,5,10.07,89,32,6
2023-09-25 17:32,20.95,94.2,0.24,70,5,10.07,89,32,6
2023-09-25 17:42,20.33,99.13,0.15,69,5,10.07,89,32,6
2023-09-25 17:53,20.02,100.0,0.16,70,4,10.07,89,32,6
2023-09-25 18:03,19.81,100.0,0.19,70,4,9.93,89,34,9
2023-09-25 18:13,19.69,100.0,0.2,70,5,9.93,89,34,9
2023-09-25 18:24,19.5,100.0,0.16,69,5,9.93,89,34,9
2023-09-25 18:34,19.06,100.0,0.22,69,5,9.93,89,34,9
2023-09-25 18:44,18.87,100.0,0.2,70,5,9.95,87,20,16
2023-09-25 18:55,18.87,100.0,0.19,70,5,9.98,91,16,10
2023-09-25 19:05,19.08,100.0,0.18,69,5,9.75,91,14,10
2023-09-25 19:15,18.99,100.0,0.45,69,5,9.75,91,14,10
2023-09-25 19:26,18.76,100.0,0.14,70,5,9.75,91,14,10
2023-09-25 19:36,18.62,100.0,0.19,69,4,9.75,91,14,10
2023-09-25 19:46,18.52,100.0,0.18,71,5,9.75,91,14,10
2023-09-25 19:57,18.42,100.0,0.26,70,5,9.75,91,14,10
2023-09-25 20:07,18.18,100.0,0.24,70,4,9.78,90,13,10
2023-09-25 20:18,17.96,100.0,0.2,70,5,9.78,90,13,10
2023-09-25 20:28,17.78,100.0,0.2,70,5,9.78,90,13,10
2023-09-25 20:38,17.87,100.0,0.18,70,5,9.78,90,13,10
2023-09-25 20:49,17.66,100.0,0.13,70,4,9.78,90,13,10
2023-09-25 20:59,17.72,100.0,0.17,69,4,9.78,90,13,10
2023-09-25 21:09,17.79,100.0,0.19,70,4,12.56,82,13,10
2023-09-25 21:20,17.66,100.0,0.24,69,4,12.56,82,13,10
2023-09-25 21:30,17.72,100.0,0.27,69,4,12.56,82,13,10
2023-09-25 21:40,17.54,100.0,0.2,71,4,12.56,82,13,10
2023-09-25 21:51,17.4,100.0,0.6,69,5,12.56,82,13,10
2023-09-25 22:01,16.91,100.0,0.41,69,4,15.84,70,8,1
2023-09-25 22:11,16.7,100.0,0.23,69,4,15.84,70,8,1
2023-09-25 22:22,16.6,100.0,0.31,69,4,15.84,70,8,1
2023-09-25 22:32,16.17,100.0,0.32,69,4,15.84,70,8,1
2023-09-25 22:42,16.08,100.0,0.23,69,3,15.84,70,8,1
2023-09-25 22:53,16.42,100.0,0.0,69,4,15.84,70,8,1
2023-09-25 23:03,16.78,100.0,0.22,69,4,18.93,58,9,0
2023-09-25 23:14,16.42,100.0,0.2,69,4,18.93,58,9,0
2023-09-25 23:24,16.3,100.0,0.04,69,4,18.93,58,9,0
2023-09-25 23:34,16.31,100.0,0.24,68,4,18.93,58,9,0
2023-09-25 23:45,16.02,100.0,0.32,69,4,18.93,58,9,0
2023-09-25 23:55,15.74,100.0,0.18,69,4,18.93,58,9,0
2023-09-26 00:05,15.74,100.0,0.47,68,3,20.8,52,9,0
2023-09-26 00:16,15.8,100.0,0.29,69,4,20.8,52,9,0
2023-09-26 00:26,15.21,100.0,0.14,69,4,20.8,52,9,0
2023-09-26 00:36,15.34,100.0,0.24,68,4,20.8,52,9,0
2023-09-26 00:47,15.17,100.0,0.2,68,4,19.32,58,8,0
2023-09-26 00:57,15.31,100.0,0.13,68,3,21.12,47,11,0
2023-09-26 01:07,15.28,100.0,0.3,68,4,22.2,43,17,4
2023-09-26 01:18,14.98,100.0,0.32,69,4,22.2,43,17,4
2023-09-26 01:28,14.86,100.0,0.32,69,4,22.2,43,17,4
2023-09-26 01:38,15.34,100.0,0.14,68,3,22.2,43,17,4
2023-09-26 01:49,15.31,100.0,0.24,68,3,22.2,43,17,4
2023-09-26 01:59,15.35,100.0,0.0,68,3,22.2,43,17,4
2023-09-26 02:09,15.39,100.0,0.23,68,4,20.98,48,31,19
2023-09-26 02:20,15.47,100.0,0.2,68,5,20.98,48,31,19
2023-09-26 02:30,15.21,100.0,0.18,68,3,20.98,48,31,19
2023-09-26 02:41,15.09,100.0,0.12,69,4,20.98,48,31,19
2023-09-26 02:51,15.21,100.0,0.18,68,4,20.98,48,31,19
2023-09-26 03:01,15.17,100.0,0.41,69,4,19.09,61,41,35
2023-09-26 03:12,15.53,100.0,0.15,68,4,19.09,61,41,35
2023-09-26 03:22,15.41,100.0,0.06,68,4,19.09,61,41,35
2023-09-26 03:32,15.46,100.0,0.43,68,4,19.09,61,41,35
2023-09-26 03:43,15.59,100.0,0.2,68,4,19.09,61,41,35
2023-09-26 03:53,15.59,100.0,0.31,69,4,19.09,61,41,35
2023-09-26 04:03,14.8,100.0,0.15,68,4,17.55,73,91,89
2023-09-26 04:14,14.47,100.0,0.28,68,3,17.55,73,91,89
2023-09-26 04:24,14.51,100.0,0.56,68,4,17.55,73,91,89
2023-09-26 04:34,14.27,100.0,0.14,69,4,17.55,73,91,89
2023-09-26 04:45,14.25,100.0,0.29,69,4,17.55,73,91,89
2023-09-26 04:55,14.1,100.0,0.32,69,4,17.55,73,91,89
2023-09-26 05:05,14.12,100.0,0.47,69,4,18.2,72,88,93
2023-09-26 05:16,14.18,100.0,0.04,69,4,18.2,72,88,93
2023-09-26 05:26,14.12,100.0,0.2,69,4,18.2,72,88,93
2023-09-26 05:37,14.29,100.0,0.6,69,4,18.2,72,88,93
2023-09-26 05:47,14.42,100.0,0.29,68,4,18.2,72,88,93
2023-09-26 05:57,14.46,100.0,0.32,68,4,18.2,72,88,93
2023-09-26 06:08,15.01,100.0,0.39,68,4,17.82,74,79,93
2023-09-26 06:18,15.38,100.0,0.22,69,3,17.82,74,79,93
2023-09-26 06:28,16.56,100.0,0.42,68,4,17.82,74,79,93
2023-09-26 06:39,17.26,100.0,0.42,69,4,17.48,74,76,80
2023-09-26 06:49,18.66,100.0,0.47,69,4,18.15,71,63,88
2023-09-26 06:59,19.81,100.0,0.78,69,3,18.15,71,63,88
2023-09-26 07:10,21.52,94.53,0.86,69,3,16.82,79,60,85
2023-09-26 07:20,21.42,93.41,0.16,69,3,16.82,79,60,85
2023-09-26 07:30,21.32,94.2,0.74,68,3,16.47,79,55,72
2023-09-26 07:41,23.43,84.57,1.1,68,3,16.82,79,60,85
2023-09-26 07:51,22.51,90.38,1.1,68,4,16.82,79,60,85
2023-09-26 08:01,23.09,87.76,4.23,69,3,14.12,90,53,85
2023-09-26 08:12,23.69,83.18,1.14,68,4,14.12,90,53,85
2023-09-26 08:22,23.91,79.28,4.59,68,4,14.12,90,53,85
2023-09-26 08:32,23.73,80.58,5.2,68,4,14.12,90,53,85
2023-09-26 08:43,26.95,71.9,5.49,68,4,14.12,90,53,85
2023-09-26 08:53,26.84,69.07,5.24,68,4,14.12,90,53,85
2023-09-26 09:04,28.4,66.55,5.77,68,5,13.11,92,46,89
2023-09-26 09:14,27.36,67.84,5.51,69,4,13.11,92,46,89
2023-09-26 09:24,27.55,67.45,5.77,68,3,13.11,92,46,89
2023-09-26 09:35,28.31,65.33,5.61,67,4,13.11,92,46,89
2023-09-26 09:45,29.27,64.47,5.81,67,3,13.11,92,46,89
2023-09-26 09:55,30.05,61.75,5.35,67,4,13.11,92,46,89
2023-09-26 10:06,29.65,60.78,5.58,67,4,12.42,94,30,64
2023-09-26 10:16,28.07,66.4,5.92,67,3,12.42,94,30,64
2023-09-26 10:26,28.85,63.54,6.41,68,3,12.42,94,30,64
2023-09-26 10:37,32.47,57.18,6.2,66,4,12.42,94,30,64
2023-09-26 10:47,29.65,61.35,5.36,66,4,12.42,94,30,64
2023-09-26 10:57,30.53,61.19,5.89,67,3,12.42,94,30,64
2023-09-26 11:08,30.51,62.28,4.48,67,3,12.12,94,21,64
2023-09-26 11:18,30.88,60.95,7.35,67,3,12.12,94,21,64
2023-09-26 11:28,32.23,57.11,7.34,67,4,12.12,94,21,64
2023-09-26 11:39,32.19,54.14,8.1,67,4,12.12,94,21,64
2023-09-26 11:49,33.21,51.12,8.38,66,4,12.12,94,21,64
2023-09-26 12:00,31.92,51.82,1.08,66,4,11.78,94,18,60
2023-09-26 12:10,29.94,55.99,1.04,67,4,11.78,94,18,60
2023-09-26 12:20,27.57,61.14,1.03,68,3,11.78,94,18,60
2023-09-26 12:31,27.37,62.89,1.15,69,3,11.78,94,18,60
2023-09-26 12:41,27.39,65.61,0.84,69,3,11.78,94,18,60
2023-09-26 12:51,27.87,63.99,7.3,68,4,11.67,93,14,51
2023-09-26 13:02,33.35,58.58,6.53,68,4,11.39,93,13,48
2023-09-26 13:12,32.48,60.94,4.79,67,3,11.39,93,13,48
2023-09-26 13:22,30.92,63.88,1.12,68,3,11.39,93,13,48
2023-09-26 13:33,28.18,70.67,0.95,68,2,11.39,93,13,48
2023-09-26 13:43,26.77,77.13,0.5,69,2,11.39,93,13,48
2023-09-26 13:53,26.3,81.45,0.43,68,2,11.39,93,13,48
2023-09-26 14:04,25.6,84.6,0.86,68,2,11.12,93,18,49
2023-09-26 14:14,26.18,81.95,0.94,69,3,11.12,93,18,49
2023-09-26 14:24,27.06,79.84,0.86,67,3,11.12,93,18,49
2023-09-26 14:35,27.27,79.2,1.01,68,3,11.12,93,18,49
2023-09-26 14:45,26.82,79.52,0.65,69,3,11.12,93,18,49
2023-09-26 14:55,25.52,83.53,0.65,69,2,11.12,93,18,49
2023-09-26 15:06,25.92,82.8,0.42,69,1,10.89,92,24,47
2023-09-26 15:16,25.38,86.05,0.86,69,3,10.89,92,24,47
2023-09-26 15:27,26.25,80.04,0.44,68,3,10.89,92,24,47
2023-09-26 15:37,24.06,88.15,0.59,69,2,10.89,92,24,47
2023-09-26 15:47,24.1,88.87,0.47,69,2,10.89,92,24,47
2023-09-26 15:58,24.18,91.94,0.64,68,2,10.89,92,24,47
2023-09-26 16:08,24.06,94.76,0.6,69,2,10.66,92,2,23
2023-09-26 16:18,26.07,89.97,1.08,68,3,10.66,92,2,23
2023-09-26 16:29,23.94,95.29,0.47,69,2,10.66,92,2,23
2023-09-26 16:39,22.95,100.0,0.3,68,2,10.66,92,2,23
2023-09-26 16:49,23.46,100.0,0.34,67,2,10.66,92,2,23
2023-09-26 17:00,24.61,94.32,0.62,67,4,10.73,89,7,44
2023-09-26 17:10,23.46,98.82,0.1,69,1,10.48,92,2,27
2023-09-26 17:20,22.8,100.0,0.32,69,1,10.48,92,2,27
2023-09-26 17:31,22.1,100.0,0.24,67,1,10.48,92,2,27
2023-09-26 17:41,21.29,100.0,0.2,72,1,10.48,92,2,27
2023-09-26 17:51,20.54,100.0,0.08,71,1,10.48,92,2,27
2023-09-26 18:02,20.17,100.0,0.41,72,1,10.31,91,6,31
2023-09-26 18:12,19.71,100.0,0.2,72,1,10.31,91,6,31
2023-09-26 18:23,19.61,100.0,0.17,68,1,10.31,91,6,31
2023-09-26 18:33,19.54,100.0,0.17,69,1,10.31,91,6,31
2023-09-26 18:43,19.56,100.0,0.23,68,1,10.31,91,6,31
2023-09-26 18:54,19.21,100.0,0.19,68,1,9.95,91,6,31
2023-09-26 19:04,19.28,100.0,0.45,68,1,9.83,91,27,28
2023-09-26 19:14,18.95,100.0,0.33,68,1,9.83,91,27,28
2023-09-26 19:25,18.94,100.0,0.15,68,1,9.83,91,27,28
2023-09-26 19:35,18.78,100.0,0.04,68,1,9.83,91,27,28
2023-09-26 19:45,18.62,100.0,0.19,68,1,9.83,91,27,28
2023-09-26 19:56,18.2,100.0,0.1,68,1,9.83,91,27,28
2023-09-26 20:06,18.36,100.0,0.33,67,1,10.13,90,42,28
2023-09-26 20:16,18.14,100.0,0.18,67,1,10.13,90,42,28
2023-09-26 20:27,18.26,100.0,0.1,68,1,10.13,90,42,28
2023-09-26 20:37,18.11,100.0,0.14,68,1,10.13,90,42,28
2023-09-26 20:47,18.2,100.0,0.2,68,1,10.13,90,42,28
2023-09-26 20:58,17.96,100.0,0.22,67,1,10.13,90,42,28
2023-09-26 21:08,17.43,100.0,0.19,67,1,12.52,84,51,28
2023-09-26 21:18,18.0,100.0,0.2,68,1,12.52,84,51,28
2023-09-26 21:29,17.79,100.0,0.23,68,1,12.52,84,51,28
2023-09-26 21:39,17.12,100.0,0.09,67,1,12.52,84,51,28
2023-09-26 21:50,17.11,100.0,0.26,67,1,12.52,84,51,28
2023-09-26 22:00,16.96,100.0,0.2,68,1,14.63,76,100,4
2023-09-26 22:10,17.36,100.0,0.22,67,1,15.21,75,100,1
2023-09-26 22:21,17.3,100.0,0.2,67,1,15.21,75,100,1
2023-09-26 22:31,17.11,100.0,0.56,67,1,15.21,75,100,1
2023-09-26 22:41,16.91,100.0,0.12,67,1,15.21,75,100,1
2023-09-26 22:52,16.79,100.0,0.16,68,1,15.21,75,100,1
2023-09-26 23:02,16.53,100.0,0.28,67,1,17.84,65,100,8
2023-09-26 23:12,16.49,100.0,0.0,67,1,17.84,65,100,8
2023-09-26 23:23,16.08,100.0,0.27,67,1,17.84,65,100,8
2023-09-26 23:33,15.82,100.0,0.36,68,1,17.84,65,100,8
2023-09-26 23:43,15.86,100.0,0.2,68,1,17.84,65,100,8
2023-09-26 23:54,15.46,100.0,0.16,67,1,17.84,65,100,8
2023-09-27 00:04,15.96,100.0,0.17,67,1,20.42,52,100,8
2023-09-27 00:14,15.9,100.0,0.08,67,1,20.42,52,100,8
2023-09-27 00:25,15.75,100.0,0.2,67,1,20.42,52,100,8
2023-09-27 00:35,15.57,100.0,0.32,68,1,20.42,52,100,8
2023-09-27 00:46,15.38,100.0,0.17,68,1,18.32,65,100,8
2023-09-27 00:56,15.03,100.0,0.32,67,1,20.4,52,99,15
2023-09-27 01:06,15.21,100.0,0.23,67,1,22.07,44,98,23
2023-09-27 01:17,15.06,100.0,0.32,68,1,22.07,44,98,23
2023-09-27 01:27,14.94,100.0,0.24,67,1,22.07,44,98,23
2023-09-27 01:37,14.83,100.0,0.18,66,1,22.07,44,98,23
2023-09-27 01:48,14.86,100.0,0.27,67,1,22.07,44,98,23
2023-09-27 01:58,14.58,100.0,0.57,68,1,22.07,44,98,23
2023-09-27 02:08,14.4,100.0,0.59,67,1,22.4,42,92,32
2023-09-27 02:19,14.18,100.0,0.27,67,1,22.4,42,92,32
2023-09-27 02:29,14.18,100.0,0.26,67,1,22.4,42,92,32
2023-09-27 02:39,13.97,100.0,0.29,67,1,22.4,42,92,32
2023-09-27 02:50,14.04,100.0,0.15,67,1,22.4,42,92,32
2023-09-27 03:00,13.99,100.0,0.26,67,1,19.76,62,89,44
2023-09-27 03:10,13.6,100.0,0.2,67,1,19.96,55,91,47
2023-09-27 03:21,13.49,100.0,0.08,68,1,19.96,55,91,47
2023-09-27 03:31,13.12,100.0,0.0,67,1,19.96,55,91,47
2023-09-27 03:41,13.54,100.0,0.2,67,1,19.96,55,91,47
2023-09-27 03:52,13.63,100.0,0.32,67,1,19.96,55,91,47
2023-09-27 04:02,13.62,100.0,0.1,68,1,17.36,71,95,70
2023-09-27 04:13,13.36,100.0,0.15,68,1,17.36,71,95,70
2023-09-27 04:23,13.11,100.0,0.33,67,1,17.36,71,95,70
2023-09-27 04:33,13.11,100.0,0.3,67,1,17.36,71,95,70
2023-09-27 04:44,12.62,100.0,0.32,67,1,17.36,71,95,70
2023-09-27 04:54,12.59,100.0,0.5,67,1,17.36,71,95,70
2023-09-27 05:04,13.11,100.0,0.12,67,1,15.93,81,97,78
2023-09-27 05:15,13.08,100.0,0.05,67,1,15.93,81,97,78
2023-09-27 05:25,13.07,100.0,0.14,67,1,15.93,81,97,78
2023-09-27 05:35,12.92,100.0,0.18,67,1,15.93,81,97,78
2023-09-27 05:46,13.0,100.0,0.31,67,1,15.93,81,97,78
2023-09-27 05:56,13.08,100.0,0.2,67,1,15.93,81,97,78
2023-09-27 06:06,13.33,100.0,0.35,67,1,15.5,83,97,86
2023-09-27 06:17,13.96,100.0,0.51,67,1,15.5,83,97,86
2023-09-27 06:27,15.65,100.0,0.34,66,2,15.5,83,97,86
2023-09-27 06:37,17.9,100.0,0.44,67,2,15.5,83,97,86
2023-09-27 06:48,17.37,100.0,0.7,67,2,16.16,81,96,82
2023-09-27 06:58,17.15,100.0,0.64,66,2,16.16,81,96,82
2023-09-27 07:09,16.76,100.0,0.29,66,1,15.71,85,97,89
2023-09-27 07:19,20.24,97.93,1.13,67,2,15.71,85,97,89
2023-09-27 07:29,21.83,90.76,0.61,67,1,15.71,85,97,89
2023-09-27 07:40,22.83,86.07,0.61,67,1,15.71,85,97,89
2023-09-27 07:50,21.71,90.3,0.99,67,1,15.71,85,97,89
2023-09-27 08:00,24.37,82.62,4.39,67,1,14.68,83,93,76
2023-09-27 08:11,23.36,83.66,4.24,67,1,14.24,89,97,89
2023-09-27 08:21,24.58,81.28,4.37,67,1,14.24,89,97,89
2023-09-27 08:31,25.94,77.36,4.94,67,1,14.24,89,97,89
2023-09-27 08:42,26.47,74.63,5.15,67,1,14.24,89,97,89
2023-09-27 08:52,27.66,71.61,5.33,67,1,14.24,89,97,89
2023-09-27 09:02,27.51,71.74,5.55,66,1,13.4,92,95,92
2023-09-27 09:13,28.3,69.11,5.21,67,1,13.4,92,95,92
2023-09-27 09:23,28.61,67.15,5.58,66,1,13.4,92,95,92
2023-09-27 09:33,28.12,69.61,5.9,66,1,13.4,92,95,92
2023-09-27 09:44,29.46,64.63,5.99,66,1,13.4,92,95,92
2023-09-27 09:54,30.92,60.86,5.85,65,1,13.4,92,95,92
2023-09-27 10:04,30.6,59.17,6.19,64,1,12.84,94,79,66
2023-09-27 10:15,31.44,56.79,5.94,64,1,12.84,94,79,66
2023-09-27 10:25,29.18,61.99,6.07,63,1,12.84,94,79,66
2023-09-27 10:36,32.89,53.61,6.51,63,1,12.84,94,79,66
2023-09-27 10:46,33.49,51.26,5.08,64,1,12.84,94,79,66
2023-09-27 10:56,32.52,52.99,7.26,62,1,12.84,94,79,66
2023-09-27 11:07,30.46,56.36,4.25,62,1,13.03,94,89,64
2023-09-27 11:17,26.99,65.91,0.98,64,1,13.03,94,89,64
2023-09-27 11:27,27.09,67.12,4.28,64,1,13.03,94,89,64
2023-09-27 11:38,26.99,67.24,1.16,65,1,13.03,94,89,64
2023-09-27 11:48,28.07,65.05,6.35,65,1,13.03,94,89,64
2023-09-27 11:58,30.17,59.89,8.02,66,1,13.03,94,89,64
2023-09-27 12:09,27.57,64.38,0.99,64,1,12.16,94,86,56
2023-09-27 12:19,27.69,63.87,4.8,64,1,12.16,94,86,56
2023-09-27 12:29,33.21,48.22,7.43,63,1,12.16,94,86,56
2023-09-27 12:40,31.56,50.13,4.64,62,1,12.77,91,100,60
2023-09-27 12:50,29.65,65.21,4.37,62,1,12.69,95,100,64
2023-09-27 13:00,29.8,66.4,5.65,63,1,12.17,91,99,68
2023-09-27 13:11,31.02,68.59,5.06,62,1,12.33,94,100,67
2023-09-27 13:21,27.27,82.78,1.02,63,1,12.33,94,100,67
2023-09-27 13:31,25.65,84.76,0.58,63,1,12.33,94,100,67
2023-09-27 13:42,24.15,92.71,0.48,65,5,12.33,94,100,67
2023-09-27 13:52,23.25,100.0,0.56,64,34,12.33,94,100,67
2023-09-27 14:03,19.48,100.0,0.18,60,31,12.16,92,100,67
2023-09-27 14:13,18.21,100.0,0.39,68,24,12.16,92,100,67
2023-09-27 14:23,16.81,100.0,0.26,66,28,12.16,92,100,67
2023-09-27 14:34,17.54,-22.2,0.0,66,27,12.16,92,100,67
2023-09-27 14:44,17.36,-22.2,0.18,67,24,12.16,92,100,67
2023-09-27 14:54,17.82,-22.2,0.41,63,24,12.16,92,100,67
2023-09-27 15:05,17.89,-22.2,0.56,62,29,12.13,90,100,60
2023-09-27 15:15,18.44,-22.2,0.6,62,34,12.13,90,100,60
2023-09-27 15:25,18.66,-22.2,0.6,60,48,12.13,90,100,60
2023-09-27 15:36,19.19,-22.2,0.38,61,41,12.13,90,100,60
2023-09-27 15:46,19.21,-22.2,0.62,61,38,12.13,90,100,60
2023-09-27 15:56,18.9,-22.2,0.78,61,29,12.13,90,100,60
2023-09-27 16:07,19.96,-22.2,0.75,61,24,12.08,88,100,14
2023-09-27 16:17,19.73,77.33,0.59,63,22,12.08,88,100,14
2023-09-27 16:27,19.37,100.0,0.68,60,22,12.08,88,100,14
2023-09-27 16:38,19.04,100.0,0.68,61,20,12.08,88,100,14
2023-09-27 16:48,18.7,100.0,0.29,59,18,12.08,88,100,14
2023-09-27 16:59,19.0,100.0,0.18,60,18,12.08,88,100,14
2023-09-27 17:09,19.13,100.0,0.49,60,15,11.89,88,100,14
2023-09-27 17:19,18.85,100.0,0.32,60,14,11.89,88,100,14
2023-09-27 17:30,18.73,100.0,0.2,60,17,11.89,88,100,14
2023-09-27 17:40,18.47,100.0,0.31,60,29,11.89,88,100,14
2023-09-27 17:50,18.62,100.0,0.07,62,29,11.89,88,100,14
2023-09-27 18:01,18.44,100.0,0.2,61,27,11.62,88,98,12
2023-09-27 18:11,18.0,100.0,0.0,61,29,11.62,88,98,12
2023-09-27 18:21,17.7,100.0,0.22,60,34,11.62,88,98,12
2023-09-27 18:32,17.19,100.0,0.14,60,42,11.62,88,98,12
2023-09-27 18:42,17.22,100.0,0.15,60,43,11.62,88,98,12
2023-09-27 18:52,17.19,100.0,0.31,60,39,10.3,91,61,39
2023-09-27 19:03,16.78,100.0,0.26,61,45,10.14,90,66,31
2023-09-27 19:13,16.46,100.0,0.2,60,41,10.14,90,66,31
2023-09-27 19:23,16.63,100.0,0.13,60,45,10.14,90,66,31
2023-09-27 19:34,16.48,100.0,0.22,62,43,10.14,90,66,31
2023-09-27 19:44,16.14,100.0,0.22,61,43,10.14,90,66,31
2023-09-27 19:54,15.9,100.0,0.09,62,37,10.14,90,66,31
2023-09-27 20:05,15.75,100.0,0.0,61,40,9.84,90,62,31
2023-09-27 20:15,15.72,100.0,0.22,61,36,9.84,90,62,31
2023-09-27 20:26,15.47,100.0,0.4,60,40,9.84,90,62,31
2023-09-27 20:36,15.46,100.0,0.24,64,38,9.84,90,62,31
2023-09-27 20:46,15.47,100.0,0.18,61,37,9.84,90,62,31
2023-09-27 20:57,15.46,100.0,0.3,61,40,9.84,90,62,31
2023-09-27 21:07,15.5,100.0,0.06,62,40,12.19,83,61,27
2023-09-27 21:17,15.51,100.0,0.16,62,46,12.19,83,61,27
2023-09-27 21:28,15.44,100.0,0.0,62,47,12.19,83,61,27
2023-09-27 21:38,15.25,100.0,0.24,63,45,12.19,83,61,27
2023-09-27 21:48,15.16,100.0,0.29,62,41,12.19,83,61,27
2023-09-27 21:59,15.01,100.0,0.1,61,40,12.19,83,61,27
2023-09-27 22:09,15.03,100.0,0.32,62,41,15.09,70,69,3
2023-09-27 22:19,14.8,100.0,0.21,62,43,15.09,70,69,3
2023-09-27 22:30,14.94,100.0,0.26,61,41,15.09,70,69,3
2023-09-27 22:40,14.98,100.0,0.21,61,40,15.09,70,69,3
2023-09-27 22:50,15.1,100.0,0.19,63,37,15.09,70,69,3
2023-09-27 23:01,14.98,100.0,0.32,62,41,17.74,57,75,23
2023-09-27 23:11,15.06,100.0,0.36,62,40,17.74,57,75,23
2023-09-27 23:22,15.02,100.0,0.46,64,40,17.74,57,75,23
2023-09-27 23:32,15.06,100.0,0.56,62,40,17.74,57,75,23
2023-09-27 23:42,15.03,100.0,0.2,62,39,17.74,57,75,23
2023-09-27 23:53,15.11,100.0,0.14,63,40,17.74,57,75,23
2023-09-28 00:03,14.73,100.0,0.58,64,40,20.56,46,66,33
2023-09-28 00:13,14.72,100.0,0.1,64,39,20.56,46,66,33
2023-09-28 00:24,14.81,100.0,0.04,64,38,20.56,46,66,33
2023-09-28 00:34,14.64,100.0,0.23,64,38,20.56,46,66,33
2023-09-28 00:44,14.96,100.0,0.26,63,37,19.16,50,91,40
2023-09-28 00:55,15.16,100.0,0.21,63,35,20.61,43,56,15
2023-09-28 01:05,15.31,100.0,0.22,64,37,21.94,39,47,16
2023-09-28 01:15,14.99,100.0,0.0,64,36,21.94,39,47,16
2023-09-28 01:26,14.8,100.0,0.27,64,37,21.94,39,47,16
2023-09-28 01:36,14.91,100.0,0.16,63,36,21.94,39,47,16
2023-09-28 01:46,14.94,100.0,0.26,65,37,21.94,39,47,16
2023-09-28 01:57,14.78,100.0,0.24,64,36,21.94,39,47,16
2023-09-28 02:07,14.65,100.0,0.3,64,37,22.47,38,45,30
2023-09-28 02:17,14.7,100.0,0.17,64,37,22.47,38,45,30
2023-09-28 02:28,14.32,100.0,0.2,64,36,22.47,38,45,30
2023-09-28 02:38,14.4,100.0,0.2,65,35,22.47,38,45,30
2023-09-28 02:49,14.72,100.0,0.07,64,35,22.47,38,45,30
2023-09-28 02:59,14.51,100.0,0.16,65,36,22.47,38,45,30
2023-09-28 03:09,14.37,100.0,0.51,66,36,20.58,47,48,54
2023-09-28 03:20,14.18,100.0,0.34,65,36,20.58,47,48,54
2023-09-28 03:30,14.21,100.0,0.14,66,36,20.58,47,48,54
2023-09-28 03:40,14.46,100.0,0.32,65,37,20.58,47,48,54
2023-09-28 03:51,14.03,100.0,0.27,66,35,20.58,47,48,54
2023-09-28 04:01,13.75,100.0,0.14,66,36,18.01,62,89,89
2023-09-28 04:11,13.63,100.0,0.18,67,36,18.01,62,89,89
2023-09-28 04:22,13.77,100.0,0.0,66,36,18.01,62,89,89
2023-09-28 04:32,13.96,100.0,0.2,67,36,18.01,62,89,89
2023-09-28 04:42,13.99,100.0,0.07,67,36,18.01,62,89,89
2023-09-28 04:53,13.91,100.0,0.27,67,35,18.01,62,89,89
2023-09-28 05:03,14.03,100.0,0.2,67,35,16.4,75,89,89
2023-09-28 05:13,13.95,100.0,0.2,68,34,16.4,75,89,89
2023-09-28 05:24,13.99,100.0,0.22,67,34,16.4,75,89,89
2023-09-28 05:34,14.15,100.0,0.18,67,34,16.4,75,89,89
2023-09-28 05:45,14.03,100.0,0.22,68,35,16.4,75,89,89
2023-09-28 05:55,14.21,100.0,0.17,67,31,16.4,75,89,89
2023-09-28 06:05,14.55,100.0,0.54,68,31,15.88,78,91,93
2023-09-28 06:16,15.39,100.0,0.32,69,33,15.88,78,91,93
2023-09-28 06:26,15.84,100.0,0.44,68,34,15.88,78,91,93
2023-09-28 06:36,18.26,100.0,0.59,68,33,15.88,78,91,93
2023-09-28 06:47,19.48,100.0,0.68,68,33,15.64,81,93,92
2023-09-28 06:57,18.94,100.0,0.65,68,31,15.64,81,93,92
2023-09-28 07:07,18.72,100.0,0.7,68,29,14.81,86,95,92
2023-09-28 07:18,20.21,100.0,0.6,68,21,14.81,86,95,92
2023-09-28 07:28,18.9,100.0,0.55,68,16,14.81,86,95,92
2023-09-28 07:38,21.94,100.0,0.99,69,1,14.81,86,95,92
2023-09-28 07:49,23.25,100.0,1.1,68,1,14.81,86,95,92
2023-09-28 07:59,20.29,100.0,0.68,69,1,14.81,86,95,92
2023-09-28 08:09,20.23,100.0,0.68,69,1,13.85,91,96,96
2023-09-28 08:20,22.15,100.0,4.27,69,1,13.85,91,96,96
2023-09-28 08:30,24.43,95.51,4.67,69,1,13.85,91,96,96
2023-09-28 08:40,25.64,87.22,4.83,69,1,13.85,91,96,96
2023-09-28 08:51,27.63,77.79,5.08,69,1,13.85,91,96,96
2023-09-28 09:01,27.47,74.11,5.21,69,1,13.13,93,96,97
2023-09-28 09:12,26.02,69.96,5.52,70,1,13.13,93,96,97
2023-09-28 09:22,27.06,67.79,5.99,70,1,13.13,93,96,97
2023-09-28 09:32,28.36,64.68,5.65,69,1,13.13,93,96,97
2023-09-28 09:43,28.67,60.58,6.17,68,1,13.13,93,96,97
2023-09-28 09:53,30.42,59.16,5.58,68,1,13.13,93,96,97
2023-09-28 10:03,30.0,60.95,6.15,67,1,12.72,93,95,41
2023-09-28 10:14,31.17,54.35,4.38,67,1,12.72,93,95,41
2023-09-28 10:24,32.52,56.34,6.84,67,1,12.72,93,95,41
2023-09-28 10:34,33.73,50.68,6.19,67,1,12.72,93,95,41
2023-09-28 10:45,30.58,56.33,4.94,67,1,12.72,93,95,41
2023-09-28 10:55,28.59,64.29,4.64,68,1,12.72,93,95,41
2023-09-28 11:05,27.14,65.89,4.89,68,1,12.43,93,98,44
2023-09-28 11:16,29.76,58.66,5.85,70,1,12.43,93,98,44
2023-09-28 11:26,27.12,68.95,4.47,69,1,12.43,93,98,44
2023-09-28 11:36,29.43,57.12,6.84,69,1,12.43,93,98,44
2023-09-28 11:47,32.51,52.12,7.84,71,1,12.43,93,98,44
2023-09-28 11:57,35.85,46.94,9.06,70,1,12.43,93,98,44
2023-09-28 12:08,32.4,51.66,7.56,70,1,12.27,93,98,57
2023-09-28 12:18,26.35,71.37,0.55,70,1,12.27,93,98,57
2023-09-28 12:28,24.39,80.82,0.32,69,1,12.27,93,98,57
2023-09-28 12:39,24.03,81.46,0.58,71,1,12.27,93,98,57
2023-09-28 12:49,23.43,84.57,0.47,70,1,12.34,93,90,49
2023-09-28 12:59,23.35,85.59,0.4,70,1,12.34,93,90,49
2023-09-28 13:10,23.87,83.87,0.74,69,1,11.94,93,92,46
2023-09-28 13:20,23.4,88.18,0.75,70,1,11.94,93,92,46
2023-09-28 13:30,23.28,89.03,0.65,70,1,11.94,93,92,46
2023-09-28 13:41,22.83,90.68,0.6,69,1,11.94,93,92,46
2023-09-28 13:51,22.65,91.9,1.0,69,1,11.94,93,92,46
2023-09-28 14:01,22.06,94.85,0.89,68,1,11.24,94,94,46
2023-09-28 14:12,22.35,93.29,0.8,68,1,11.24,94,94,46
2023-09-28 14:22,22.31,95.7,0.86,69,1,11.24,94,94,46
2023-09-28 14:32,23.55,89.05,4.25,69,1,11.24,94,94,46
2023-09-28 14:43,25.39,84.93,1.06,69,1,11.24,94,94,46
2023-09-28 14:53,26.21,82.24,4.21,69,1,11.24,94,94,46
2023-09-28 15:03,26.65,82.53,1.09,68,1,11.3,93,95,46
2023-09-28 15:14,26.32,80.52,4.25,68,1,11.3,93,95,46
2023-09-28 15:24,29.19,72.99,5.21,68,1,11.3,93,95,46
2023-09-28 15:35,27.78,77.54,4.19,69,1,11.3,93,95,46
2023-09-28 15:45,29.94,72.11,4.47,69,1,11.3,93,95,46
2023-09-28 15:55,29.61,71.7,4.2,67,1,11.3,93,95,46
2023-09-28 16:06,28.71,74.9,1.15,68,1,11.38,92,100,24
2023-09-28 16:16,29.15,71.56,0.85,69,1,11.38,92,100,24
2023-09-28 16:26,28.34,73.53,0.79,68,1,11.38,92,100,24
2023-09-28 16:37,27.07,77.62,0.46,69,1,11.38,92,100,24
2023-09-28 16:47,27.46,76.03,0.62,67,1,11.38,92,100,24
2023-09-28 16:57,26.43,81.54,0.44,66,1,11.38,92,100,24
2023-09-28 17:08,24.64,89.44,0.28,66,1,10.86,92,100,35
2023-09-28 17:18,23.48,94.41,0.27,68,1,10.86,92,100,35
2023-09-28 17:28,22.67,98.0,0.29,66,1,10.86,92,100,35
2023-09-28 17:39,22.39,100.0,0.18,67,1,10.86,92,100,35
2023-09-28 17:49,21.44,100.0,0.18,65,1,10.86,92,100,35
2023-09-28 17:59,20.2,100.0,0.01,63,36,10.86,92,100,35
2023-09-28 18:10,18.73,100.0,0.26,66,34,10.4,92,100,31
2023-09-28 18:30,18.3,100.0,0.26,64,32,10.4,92,100,31
2023-09-28 18:41,18.15,100.0,0.16,59,31,11.16,87,100,32
2023-09-28 18:51,18.07,100.0,0.2,59,31,10.61,90,100,19
2023-09-28 19:02,17.87,100.0,0.19,58,33,10.43,89,100,23
2023-09-28 19:12,17.87,100.0,0.26,58,32,10.43,89,100,23
2023-09-28 19:22,17.71,100.0,0.23,57,33,10.43,89,100,23
2023-09-28 19:33,18.0,100.0,0.13,57,35,10.43,89,100,23
2023-09-28 19:43,18.47,100.0,0.2,60,30,10.43,89,100,23
2023-09-28 19:53,18.94,100.0,0.09,57,31,10.43,89,100,23
2023-09-28 20:04,19.0,100.0,0.19,59,25,10.39,89,99,19
2023-09-28 20:14,19.19,100.0,0.16,57,12,10.39,89,99,19
2023-09-28 20:24,19.07,100.0,0.14,60,14,10.39,89,99,19
2023-09-28 20:35,19.14,100.0,0.19,58,4,10.39,89,99,19
2023-09-28 20:45,19.08,100.0,0.17,58,4,10.39,89,99,19
2023-09-28 20:55,18.84,100.0,0.2,58,4,10.39,89,99,19
2023-09-28 21:06,18.8,100.0,0.0,59,4,12.33,83,96,15
2023-09-28 21:16,18.47,100.0,0.2,58,4,12.33,83,96,15
2023-09-28 21:26,18.58,100.0,0.27,61,4,12.33,83,96,15
2023-09-28 21:37,18.39,100.0,0.0,63,3,12.33,83,96,15
2023-09-28 21:47,18.1,100.0,0.2,61,3,12.33,83,96,15
2023-09-28 21:58,17.97,100.0,0.2,61,1,12.33,83,96,15
2023-09-28 22:08,18.12,100.0,0.24,62,2,15.17,70,96,0
2023-09-28 22:18,17.82,100.0,0.0,62,2,15.17,70,96,0
2023-09-28 22:29,17.52,100.0,0.21,62,1,15.17,70,96,0
2023-09-28 22:39,17.75,100.0,0.17,61,1,15.17,70,96,0
2023-09-28 22:49,17.74,100.0,0.59,61,1,15.17,70,96,0
2023-09-28 23:00,17.15,100.0,0.2,64,1,16.47,61,100,0
2023-09-28 23:10,16.7,100.0,0.4,63,2,17.71,58,98,0
2023-09-28 23:20,16.6,100.0,0.22,64,2,17.71,58,98,0
2023-09-28 23:31,16.97,100.0,0.29,62,1,17.71,58,98,0
2023-09-28 23:41,17.08,100.0,0.16,62,2,17.71,58,98,0
2023-09-28 23:51,16.88,100.0,0.08,62,2,17.71,58,98,0
2023-09-29 00:02,16.67,100.0,0.2,62,2,20.13,48,98,6
2023-09-29 00:12,16.52,100.0,0.26,61,2,20.13,48,98,6
2023-09-29 00:22,16.53,100.0,0.3,61,2,20.13,48,98,6
2023-09-29 00:33,16.28,100.0,0.45,62,1,20.13,48,98,6
2023-09-29 00:43,16.3,100.0,0.46,65,1,19.03,52,100,0
2023-09-29 00:53,15.94,100.0,0.19,63,2,20.43,48,84,0
2023-09-29 01:04,15.68,100.0,0.12,61,2,20.47,48,88,12
2023-09-29 01:14,15.2,100.0,0.26,61,1,20.47,48,88,12
2023-09-29 01:25,14.83,100.0,0.32,61,1,20.47,48,88,12
2023-09-29 01:35,14.69,100.0,0.13,61,1,20.47,48,88,12
2023-09-29 01:45,14.47,100.0,0.43,62,1,20.47,48,88,12
2023-09-29 01:56,14.61,100.0,0.27,61,1,20.47,48,88,12
2023-09-29 02:06,14.5,100.0,0.18,61,1,19.77,54,90,24
2023-09-29 02:16,14.29,100.0,0.22,63,1,19.77,54,90,24
2023-09-29 02:27,14.84,100.0,0.31,63,1,19.77,54,90,24
2023-09-29 02:37,14.68,100.0,0.19,61,1,19.77,54,90,24
2023-09-29 02:47,14.61,100.0,0.5,60,1,19.77,54,90,24
2023-09-29 02:58,14.6,100.0,0.25,61,1,19.77,54,90,24
2023-09-29 03:08,14.73,100.0,0.23,61,1,19.73,57,90,39
2023-09-29 03:18,14.84,100.0,0.2,60,1,19.73,57,90,39
2023-09-29 03:29,14.88,100.0,0.18,61,1,19.73,57,90,39
2023-09-29 03:39,14.39,100.0,0.2,63,1,19.73,57,90,39
2023-09-29 03:49,14.47,100.0,0.0,61,1,19.73,57,90,39
2023-09-29 04:00,14.04,100.0,0.28,63,1,17.11,74,100,68
2023-09-29 04:10,13.75,100.0,0.29,64,1,18.69,61,99,84
2023-09-29 04:21,13.66,100.0,0.22,62,1,18.69,61,99,84
2023-09-29 04:31,13.69,100.0,0.27,61,1,18.69,61,99,84
2023-09-29 04:41,13.51,100.0,0.0,62,1,18.69,61,99,84
2023-09-29 04:52,13.77,100.0,0.32,61,1,18.69,61,99,84
2023-09-29 05:02,13.49,100.0,0.32,62,1,17.56,68,99,88
2023-09-29 05:12,13.88,100.0,0.19,63,1,17.56,68,99,88
2023-09-29 05:23,13.91,100.0,0.16,65,1,17.56,68,99,88
2023-09-29 05:33,13.95,100.0,0.5,62,1,17.56,68,99,88
2023-09-29 05:43,13.84,100.0,0.14,65,1,17.56,68,99,88
2023-09-29 05:54,14.15,100.0,0.55,65,1,17.56,68,99,88
2023-09-29 06:04,14.35,100.0,0.24,63,1,16.78,73,100,88
2023-09-29 06:14,14.43,100.0,0.6,64,1,16.78,73,100,88
2023-09-29 06:25,17.22,100.0,0.2,64,1,16.78,73,100,88
2023-09-29 06:35,17.58,100.0,0.2,64,1,16.78,73,100,88
2023-09-29 06:45,20.74,100.0,0.47,63,1,17.18,70,99,88
2023-09-29 06:56,21.49,99.0,0.64,63,1,17.18,70,99,88
2023-09-29 07:06,22.12,95.87,0.89,64,1,16.12,75,99,88
2023-09-29 07:16,23.93,89.84,1.04,63,1,16.12,75,99,88
2023-09-29 07:27,20.51,100.0,0.75,65,1,16.12,75,99,88
2023-09-29 07:37,20.95,100.0,4.37,63,1,16.12,75,99,88
2023-09-29 07:48,24.03,88.75,4.39,63,1,16.12,75,99,88
2023-09-29 07:58,24.57,85.81,4.91,62,1,16.12,75,99,88
2023-09-29 08:08,22.43,90.48,0.86,62,1,13.44,86,99,88
2023-09-29 08:19,21.21,97.12,0.84,64,1,13.44,86,99,88
2023-09-29 08:29,21.12,98.27,0.75,63,1,13.44,86,99,88
2023-09-29 08:39,21.31,97.09,0.86,63,1,13.44,86,99,88
2023-09-29 08:50,21.04,96.05,1.05,63,1,13.44,86,99,88
2023-09-29 09:00,22.33,92.65,1.12,64,1,12.86,84,99,76
2023-09-29 09:10,21.25,95.95,0.85,64,1,12.5,89,98,89
2023-09-29 09:21,22.17,95.19,0.45,64,1,12.5,89,98,89
2023-09-29 09:31,21.16,96.81,0.78,65,1,12.5,89,98,89
2023-09-29 09:41,21.62,93.39,0.86,64,1,12.5,89,98,89
2023-09-29 09:52,23.5,88.72,4.45,65,1,12.5,89,98,89
2023-09-29 10:02,24.55,84.85,5.21,63,1,12.0,90,78,20
2023-09-29 10:12,22.88,88.15,1.04,63,1,12.0,90,78,20
2023-09-29 10:23,21.49,93.93,0.68,63,1,12.0,90,78,20
2023-09-29 10:33,21.17,96.49,0.94,62,1,12.0,90,78,20
2023-09-29 10:44,21.9,94.26,0.91,64,1,12.0,90,78,20
2023-09-29 10:54,21.86,96.43,1.16,64,1,12.0,90,78,20
2023-09-29 11:04,22.64,93.84,4.25,62,1,11.65,91,82,30
2023-09-29 11:15,24.02,89.81,4.51,64,1,11.65,91,82,30
2023-09-29 11:25,25.87,81.92,7.22,63,1,11.65,91,82,30
2023-09-29 11:35,24.85,84.1,5.2,63,1,11.65,91,82,30
2023-09-29 11:46,26.72,77.93,9.6,63,1,11.65,91,82,30
2023-09-29 11:56,29.94,67.16,10.2,62,1,11.65,91,82,30
2023-09-29 12:06,27.67,68.43,8.88,62,1,11.39,91,88,30
2023-09-29 12:17,31.68,59.43,9.13,64,1,11.39,91,88,30
2023-09-29 12:27,29.61,62.56,5.57,63,1,11.39,91,88,30
2023-09-29 12:37,30.32,60.22,6.6,64,1,11.39,91,88,30
2023-09-29 12:48,30.99,59.49,8.57,61,1,11.48,91,79,31
2023-09-29 12:58,28.34,63.77,5.62,63,1,11.39,91,88,30
2023-09-29 13:08,27.44,66.66,1.13,62,1,11.11,92,66,31
2023-09-29 13:19,30.83,64.23,6.77,58,1,11.11,92,66,31
2023-09-29 13:29,31.12,60.01,5.85,60,1,11.11,92,66,31
2023-09-29 13:39,29.57,61.79,5.03,61,1,11.11,92,66,31
2023-09-29 13:50,26.89,71.26,4.45,61,1,11.11,92,66,31
2023-09-29 14:00,28.61,65.82,6.31,59,1,11.11,90,60,44
2023-09-29 14:11,26.84,71.68,4.5,59,1,10.8,92,73,31
2023-09-29 14:21,24.91,79.86,1.14,61,1,10.8,92,73,31
2023-09-29 14:31,24.84,82.22,0.86,63,1,10.8,92,73,31
2023-09-29 14:42,24.62,82.22,1.13,63,1,10.8,92,73,31
2023-09-29 14:52,24.06,84.23,0.77,62,1,10.8,92,73,31
2023-09-29 15:02,23.9,82.12,1.14,62,1,10.48,91,65,31
2023-09-29 15:13,24.34,80.7,0.91,61,1,10.48,91,65,31
2023-09-29 15:23,26.52,76.06,4.94,62,1,10.48,91,65,31
2023-09-29 15:33,26.54,74.9,4.39,62,1,10.48,91,65,31
2023-09-29 15:44,28.18,68.31,4.21,62,1,10.48,91,65,31
2023-09-29 15:54,28.4,69.1,4.31,64,1,10.48,91,65,31
2023-09-29 16:04,26.97,73.31,4.16,64,1,10.25,90,35,15
2023-09-29 16:15,26.28,77.0,0.92,62,1,10.25,90,35,15
2023-09-29 16:25,25.65,78.61,0.87,63,1,10.25,90,35,15
2023-09-29 16:36,25.51,79.98,0.6,63,1,10.25,90,35,15
2023-09-29 16:46,25.15,80.72,0.59,64,1,10.25,90,35,15
2023-09-29 17:07,22.25,89.52,0.27,64,1,10.07,90,46,15
2023-09-29 23:19,16.52,100.0,0.3,64,1,18.2,57,87,0
2023-09-29 23:30,16.38,100.0,0.22,64,1,18.2,57,87,0
2023-09-29 23:40,16.38,100.0,0.73,65,1,18.2,57,87,0
2023-09-29 23:50,16.33,100.0,0.23,65,1,18.2,57,87,0
2023-09-30 00:01,16.27,100.0,0.32,64,1,19.26,51,45,4
2023-09-30 00:11,16.09,100.0,0.02,62,1,20.01,50,87,4
2023-09-30 00:21,15.97,100.0,0.2,62,1,20.01,50,87,4
2023-09-30 00:32,15.83,100.0,0.47,63,1,20.01,50,87,4
2023-09-30 00:42,15.54,100.0,0.1,62,1,20.01,50,87,4
2023-09-30 00:52,15.41,100.0,0.2,62,1,20.01,50,87,4
2023-09-30 01:03,15.43,100.0,0.0,62,1,20.79,47,87,24
2023-09-30 01:13,15.34,100.0,0.27,63,1,20.83,48,43,20
2023-09-30 01:23,15.28,100.0,0.0,63,1,20.57,49,84,8
2023-09-30 01:34,15.39,100.0,0.16,63,1,20.57,49,84,8
2023-09-30 01:44,15.27,100.0,0.26,63,1,20.57,49,84,8
2023-09-30 01:54,15.2,100.0,0.3,65,1,20.57,49,84,8
2023-09-30 02:05,14.96,100.0,0.0,64,1,19.56,54,81,23
2023-09-30 02:15,14.52,100.0,0.47,64,1,19.56,54,81,23
2023-09-30 02:25,14.58,100.0,0.05,64,1,19.56,54,81,23
2023-09-30 02:36,14.6,100.0,0.06,64,1,19.56,54,81,23
2023-09-30 02:46,14.39,100.0,0.1,64,1,19.56,54,81,23
2023-09-30 02:57,14.33,100.0,0.24,64,1,19.56,54,81,23
2023-09-30 03:07,14.36,100.0,0.38,64,1,20.85,49,76,39
2023-09-30 03:17,14.24,100.0,0.01,64,1,20.85,49,76,39
2023-09-30 03:28,14.03,100.0,0.19,64,1,20.85,49,76,39
2023-09-30 03:38,14.1,100.0,0.22,64,1,20.85,49,76,39
2023-09-30 03:48,14.04,100.0,0.17,64,1,20.85,49,76,39
2023-09-30 03:59,14.04,100.0,0.18,65,1,20.85,49,76,39
2023-09-30 04:09,14.04,100.0,0.19,65,1,20.81,48,44,62
2023-09-30 04:19,13.87,100.0,0.27,65,1,20.81,48,44,62
2023-09-30 04:30,13.67,100.0,0.21,64,1,20.81,48,44,62
2023-09-30 04:40,13.57,100.0,0.2,64,1,20.81,48,44,62
2023-09-30 04:50,13.51,100.0,0.17,65,1,20.81,48,44,62
2023-09-30 05:01,13.52,100.0,0.2,64,1,19.76,51,44,55
2023-09-30 05:11,13.52,100.0,0.04,65,1,19.76,51,44,55
2023-09-30 05:21,13.28,100.0,0.23,65,1,19.76,51,44,55
2023-09-30 05:32,13.14,100.0,0.2,65,1,19.76,51,44,55
2023-09-30 05:42,13.28,100.0,0.22,65,1,19.76,51,44,55
2023-09-30 05:53,13.71,100.0,0.19,65,1,19.76,51,44,55
2023-09-30 06:03,13.99,100.0,0.0,66,1,18.55,56,47,51
2023-09-30 06:13,14.65,100.0,0.32,65,1,18.55,56,47,51
2023-09-30 06:24,15.94,100.0,0.23,65,1,18.55,56,47,51
2023-09-30 06:34,17.26,100.0,0.39,65,1,18.55,56,47,51
2023-09-30 06:44,19.23,100.0,0.41,65,1,19.15,50,73,48
2023-09-30 06:55,20.24,100.0,0.58,65,1,19.15,50,73,48
2023-09-30 07:05,20.35,100.0,0.65,65,1,17.4,59,79,40
2023-09-30 07:15,21.72,96.65,0.78,66,1,17.4,59,79,40
2023-09-30 07:26,22.35,93.84,0.89,63,1,17.4,59,79,40
2023-09-30 07:36,23.73,89.55,0.86,65,1,17.4,59,79,40
2023-09-30 07:46,24.76,85.29,1.14,67,1,17.4,59,79,40
2023-09-30 07:57,25.51,82.95,4.31,66,1,17.4,59,79,40
2023-09-30 08:07,27.04,75.7,4.38,66,1,13.74,75,78,36
2023-09-30 08:17,28.14,73.23,4.61,66,1,13.74,75,78,36
2023-09-30 08:28,28.02,72.99,4.91,65,1,13.74,75,78,36
2023-09-30 08:38,28.21,72.43,5.36,65,1,13.74,75,78,36
2023-09-30 08:48,29.14,71.29,5.74,65,1,13.74,75,78,36
2023-09-30 08:59,28.17,67.1,5.78,65,1,13.74,75,78,36
2023-09-30 09:09,28.31,66.3,6.13,66,1,12.36,82,75,32
2023-09-30 09:20,27.63,66.79,6.12,63,1,12.36,82,75,32
2023-09-30 09:30,27.55,67.76,6.17,64,1,12.36,82,75,32
2023-09-30 09:40,29.49,63.14,5.85,66,1,12.36,82,75,32
2023-09-30 09:51,29.53,62.32,6.34,64,1,12.36,82,75,32
2023-09-30 10:01,29.65,62.56,6.06,63,1,11.87,84,1,0
2023-09-30 10:11,30.35,59.85,6.23,63,1,11.87,84,1,0
2023-09-30 10:22,30.91,59.01,6.08,64,1,11.87,84,1,0
2023-09-30 10:32,30.83,58.44,6.33,64,1,11.87,84,1,0
2023-09-30 10:42,29.36,61.1,4.48,64,1,11.87,84,1,0
2023-09-30 10:53,31.26,55.76,1.14,64,1,11.87,84,1,0
2023-09-30 11:03,27.67,63.97,6.01,63,1,11.38,85,4,0
2023-09-30 11:14,28.34,65.04,4.61,63,1,11.38,85,4,0
2023-09-30 11:24,26.01,68.97,1.11,66,1,11.38,85,4,0
2023-09-30 11:34,26.18,70.59,1.09,67,1,11.38,85,4,0
2023-09-30 11:44,29.79,62.73,8.88,64,1,11.38,85,4,0
2023-09-30 11:55,32.96,55.72,9.21,62,1,11.38,85,4,0
2023-09-30 12:05,31.81,54.75,8.6,63,1,10.99,86,6,4
2023-09-30 12:15,28.27,62.27,4.59,63,1,10.99,86,6,4
2023-09-30 12:26,30.94,56.56,5.13,63,1,10.99,86,6,4
2023-09-30 12:36,31.8,54.93,8.07,63,1,10.99,86,6,4
2023-09-30 12:47,31.09,57.08,7.3,65,1,10.99,86,6,4
2023-09-30 12:57,32.28,54.53,6.78,64,1,11.14,85,20,9
2023-09-30 13:07,32.32,50.48,6.76,63,1,10.55,86,14,8
2023-09-30 13:18,30.53,52.9,4.45,63,1,10.8,86,40,16
2023-09-30 13:28,28.77,59.49,6.75,69,1,10.8,86,40,16
2023-09-30 13:38,30.8,55.88,6.26,63,1,10.8,86,40,16
2023-09-30 13:49,31.48,54.69,5.8,65,1,10.8,86,40,16
2023-09-30 13:59,33.06,51.83,6.51,63,1,10.8,86,40,16
2023-09-30 14:09,34.34,48.8,6.29,65,1,10.46,86,51,15
2023-09-30 14:20,33.66,49.11,6.19,63,1,10.46,86,51,15
2023-09-30 14:30,34.87,44.4,6.16,63,1,10.46,86,51,15
2023-09-30 14:40,29.86,55.17,4.69,66,1,10.46,86,51,15
2023-09-30 14:51,32.51,50.22,5.25,63,1,10.46,86,51,15
2023-09-30 15:01,33.39,49.36,4.67,64,1,10.15,85,58,19
2023-09-30 15:11,28.21,58.53,0.55,65,1,10.15,85,58,19
2023-09-30 15:22,26.4,66.66,0.5,65,1,10.15,85,58,19
2023-09-30 15:32,26.02,68.35,0.73,65,1,10.15,85,58,19
2023-09-30 15:43,26.62,65.95,0.82,66,1,10.15,85,58,19
2023-09-30 15:53,26.91,66.97,0.74,65,1,10.15,85,58,19
2023-09-30 16:03,26.3,69.56,0.8,63,1,9.77,83,100,24
2023-09-30 16:14,26.02,69.94,0.59,64,1,9.77,83,100,24
2023-09-30 16:24,27.36,65.7,0.73,63,1,9.77,83,100,24
2023-09-30 16:34,25.73,73.17,0.46,65,1,9.77,83,100,24
2023-09-30 16:45,24.52,77.36,0.39,65,1,9.77,83,100,24
2023-09-30 16:55,24.31,76.87,0.2,65,1,9.77,83,100,24
2023-09-30 17:05,23.76,82.32,0.31,63,1,9.65,79,100,24
2023-09-30 17:16,23.1,85.78,0.37,63,1,9.65,79,100,24
2023-09-30 17:26,22.88,86.26,0.28,64,1,9.65,79,100,24
2023-09-30 17:36,22.42,87.66,0.24,70,1,9.65,79,100,24
2023-09-30 17:47,21.94,89.98,0.08,64,1,9.65,79,100,24
2023-09-30 17:57,21.56,93.04,0.32,65,1,9.65,79,100,24
2023-09-30 18:07,21.24,95.01,0.05,65,1,9.55,75,100,20
2023-09-30 18:18,21.44,96.79,0.17,66,1,9.55,75,100,20
2023-09-30 18:28,21.12,97.48,0.32,66,1,9.55,75,100,20
2023-09-30 18:38,21.13,97.72,0.53,65,1,9.55,75,100,20
2023-09-30 18:49,20.79,99.82,0.02,65,1,9.44,79,100,40
2023-09-30 18:59,20.55,98.27,0.26,71,1,9.53,72,100,24
2023-09-30 19:10,20.73,98.45,0.18,71,1,9.41,69,100,20
2023-09-30 19:20,20.61,98.02,0.12,71,1,9.41,69,100,20
2023-09-30 19:30,20.2,96.72,0.36,71,1,9.41,69,100,20
2023-09-30 19:41,20.01,96.83,0.18,70,1,9.41,69,100,20
2023-09-30 19:51,19.73,98.12,0.2,70,1,9.41,69,100,20
2023-09-30 20:01,19.55,100.0,0.12,71,1,9.59,67,100,20
2023-09-30 20:12,19.31,100.0,0.28,70,1,9.59,67,100,20
2023-09-30 20:22,19.08,100.0,0.04,70,1,9.59,67,100,20
2023-09-30 20:32,19.31,100.0,0.17,65,1,9.59,67,100,20
2023-09-30 20:43,19.4,100.0,0.34,64,1,9.59,67,100,20
2023-09-30 20:53,19.1,100.0,0.15,65,1,9.59,67,100,20
2023-09-30 21:03,18.99,100.0,0.08,66,1,12.43,59,100,12
2023-09-30 21:14,18.85,100.0,0.27,66,1,12.43,59,100,12
2023-09-30 21:24,18.45,100.0,0.37,65,1,12.43,59,100,12
2023-09-30 21:34,18.44,100.0,0.18,67,1,12.43,59,100,12
2023-09-30 21:45,18.55,100.0,0.29,65,1,12.43,59,100,12
2023-09-30 21:55,18.21,100.0,0.2,65,1,12.43,59,100,12
2023-09-30 22:06,17.87,100.0,0.21,65,1,16.07,46,100,0
2023-09-30 22:16,17.55,100.0,0.24,65,1,16.07,46,100,0
2023-09-30 22:26,18.05,100.0,0.26,66,1,16.07,46,100,0
2023-09-30 22:37,17.64,100.0,0.02,65,1,16.07,46,100,0
2023-09-30 22:47,17.74,100.0,0.18,65,1,16.07,46,100,0
2023-09-30 22:57,17.72,100.0,0.22,67,1,16.07,46,100,0
2023-09-30 23:08,17.7,100.0,0.2,64,1,19.16,38,100,0
2023-09-30 23:18,17.59,100.0,0.01,65,1,19.16,38,100,0
2023-09-30 23:28,17.41,100.0,0.14,65,1,19.16,38,100,0
2023-09-30 23:39,16.97,100.0,0.2,65,1,19.16,38,100,0
2023-09-30 23:49,16.93,100.0,0.02,65,1,19.16,38,100,0
2023-09-30 23:59,17.37,100.0,0.18,65,1,19.16,38,100,0
2023-10-01 00:10,17.41,100.0,0.32,64,1,21.4,34,91,0
2023-10-01 00:20,17.34,100.0,0.13,64,1,21.4,34,91,0
2023-10-01 00:30,17.19,100.0,0.0,65,1,21.4,34,91,0
2023-10-01 00:41,17.31,100.0,0.06,66,1,21.4,34,91,0
2023-10-01 00:51,17.54,100.0,0.21,65,1,21.4,34,91,0
2023-10-01 01:01,17.63,100.0,0.42,65,1,22.6,33,87,0
2023-10-01 01:12,17.93,100.0,0.36,66,1,22.6,33,87,0
2023-10-01 01:22,17.87,100.0,0.26,64,1,22.6,33,87,0
2023-10-01 01:33,17.54,100.0,0.2,65,20,22.6,33,87,0
2023-10-01 01:43,17.19,100.0,0.19,66,22,22.6,33,87,0
2023-10-01 01:53,17.08,100.0,0.07,65,28,22.6,33,87,0
2023-10-01 02:04,16.81,100.0,0.29,66,34,21.93,37,89,4
2023-10-01 02:14,16.73,100.0,0.14,64,27,21.93,37,89,4
2023-10-01 02:24,16.48,100.0,0.44,66,26,21.93,37,89,4
2023-10-01 02:35,16.2,100.0,0.02,60,28,21.93,37,89,4
2023-10-01 02:45,15.89,100.0,0.1,58,28,21.93,37,89,4
2023-10-01 02:55,15.68,100.0,0.13,59,28,21.66,42,100,12
2023-10-01 03:06,15.62,100.0,0.16,60,29,20.37,46,90,13
2023-10-01 03:16,15.51,100.0,0.19,58,26,19.22,55,100,27
2023-10-01 03:26,15.39,100.0,0.22,60,27,19.22,55,100,27
2023-10-01 03:37,15.29,100.0,0.29,60,27,19.22,55,100,27
2023-10-01 03:47,15.19,100.0,0.0,61,30,19.22,55,100,27
2023-10-01 03:57,14.91,100.0,0.01,59,32,19.22,55,100,27
2023-10-01 04:08,14.92,100.0,0.2,61,31,18.62,62,100,70
2023-10-01 04:18,15.02,100.0,0.26,60,32,18.62,62,100,70
2023-10-01 04:29,15.16,100.0,0.21,61,31,18.62,62,100,70
2023-10-01 04:39,15.25,100.0,0.32,61,32,18.62,62,100,70
2023-10-01 04:49,15.07,100.0,0.43,61,31,18.62,62,100,70
2023-10-01 05:00,15.11,100.0,0.09,61,31,17.37,71,100,64
2023-10-01 05:10,15.16,100.0,0.0,62,31,18.1,67,100,77
2023-10-01 05:20,15.23,100.0,0.21,62,32,18.1,67,100,77
2023-10-01 05:31,15.16,100.0,0.23,62,32,18.1,67,100,77
2023-10-01 05:41,15.27,100.0,0.48,62,33,18.1,67,100,77
2023-10-01 05:51,15.39,100.0,0.2,61,35,18.1,67,100,77
2023-10-01 06:02,15.49,100.0,0.41,61,34,17.75,71,96,81
2023-10-01 06:12,15.38,100.0,0.2,62,33,17.75,71,96,81
2023-10-01 06:22,15.29,100.0,0.35,64,32,17.75,71,96,81
2023-10-01 06:33,15.39,100.0,0.36,63,29,17.75,71,96,81
2023-10-01 06:43,15.46,100.0,0.46,63,26,17.75,71,96,81
2023-10-01 06:53,15.69,100.0,0.47,63,24,17.75,71,96,81
2023-10-01 07:04,16.15,100.0,0.61,63,22,16.29,80,86,85
2023-10-01 07:14,16.6,100.0,0.38,64,22,16.29,80,86,85
2023-10-01 07:24,17.04,100.0,0.5,65,19,16.29,80,86,85
2023-10-01 07:35,17.41,100.0,0.65,65,18,16.29,80,86,85
2023-10-01 07:45,17.72,100.0,0.73,65,18,16.29,80,86,85
2023-10-01 07:56,18.51,100.0,0.8,64,17,16.29,80,86,85
2023-10-01 08:06,19.43,100.0,0.99,64,16,13.98,89,85,82
2023-10-01 08:16,20.32,100.0,1.13,66,16,13.98,89,85,82
2023-10-01 08:27,20.55,100.0,1.15,66,16,13.98,89,85,82
2023-10-01 08:37,21.58,100.0,1.14,65,15,13.98,89,85,82
2023-10-01 08:47,22.06,97.36,4.37,65,15,13.98,89,85,82
2023-10-01 08:58,22.65,94.9,4.62,66,14,13.98,89,85,82
2023-10-01 09:08,23.83,89.68,4.69,67,12,13.28,91,85,89
2023-10-01 09:18,24.08,90.16,4.83,66,13,13.28,91,85,89
2023-10-01 09:29,25.03,85.31,4.55,67,11,13.28,91,85,89
2023-10-01 09:39,26.18,80.57,4.97,67,11,13.28,91,85,89
2023-10-01 09:49,28.04,76.42,5.54,66,11,13.28,91,85,89
2023-10-01 10:00,28.03,74.99,4.53,65,6,13.15,85,33,28
2023-10-01 10:10,27.39,76.45,4.67,66,4,12.52,92,49,27
2023-10-01 10:20,27.06,73.13,4.35,67,3,12.52,92,49,27
2023-10-01 10:31,28.36,72.61,6.54,67,3,12.52,92,49,27
2023-10-01 10:41,29.45,67.39,6.8,64,3,12.52,92,49,27
2023-10-01 10:52,28.98,67.06,5.58,65,2,12.52,92,49,27
2023-10-01 11:02,32.63,55.35,7.14,66,1,12.07,93,74,20
2023-10-01 11:12,32.47,55.63,7.55,66,1,12.07,93,74,20
2023-10-01 11:23,32.47,56.51,7.48,66,1,12.07,93,74,20
2023-10-01 11:33,33.31,54.34,8.12,64,1,12.07,93,74,20
2023-10-01 11:43,31.78,57.21,9.69,66,1,12.07,93,74,20
2023-10-01 11:54,32.7,54.42,5.9,66,1,12.07,93,74,20
2023-10-01 12:04,28.02,65.05,4.25,65,1,11.86,93,82,21
2023-10-01 12:14,27.24,67.68,4.64,67,1,11.86,93,82,21
2023-10-01 12:25,26.45,71.59,4.25,67,1,11.86,93,82,21
2023-10-01 12:35,26.3,74.41,4.39,68,1,11.86,93,82,21
2023-10-01 12:45,28.19,65.9,5.03,67,1,11.86,93,82,21
2023-10-01 12:56,29.09,64.96,5.13,67,1,11.86,93,82,21
2023-10-01 13:06,28.21,65.64,5.5,67,1,11.47,93,87,26
2023-10-01 13:16,28.58,66.3,1.13,67,1,11.47,93,87,26
2023-10-01 13:27,28.25,68.08,6.49,67,1,11.47,93,87,26
2023-10-01 13:37,27.74,67.76,4.17,72,1,11.47,93,87,26
2023-10-01 13:47,24.99,76.86,0.48,72,1,11.47,93,87,26
2023-10-01 13:58,24.52,78.98,0.54,72,1,11.47,93,87,26
2023-10-01 14:08,25.03,77.12,4.25,71,1,11.25,93,89,26
2023-10-01 14:19,26.8,71.02,4.37,71,1,11.25,93,89,26
2023-10-01 14:29,25.4,75.59,0.56,71,1,11.25,93,89,26
2023-10-01 14:39,24.24,79.55,0.58,73,1,11.25,93,89,26
2023-10-01 14:50,24.32,81.01,0.76,71,1,11.25,93,89,26
2023-10-01 15:00,27.04,73.48,5.9,73,1,11.34,91,89,44
2023-10-01 15:10,24.03,80.91,0.44,73,1,11.1,94,91,27
2023-10-01 15:21,23.95,80.89,1.03,72,1,11.1,94,91,27
2023-10-01 15:31,24.42,81.19,0.86,72,1,11.1,94,91,27
2023-10-01 15:41,23.87,80.97,0.78,73,1,11.1,94,91,27
2023-10-01 15:52,23.17,84.02,0.36,73,1,11.1,94,91,27
2023-10-01 16:02,22.97,87.0,0.56,72,1,10.89,94,100,34
2023-10-01 16:12,23.32,84.59,0.57,72,1,11.21,91,100,44
2023-10-01 16:23,23.51,84.41,0.66,72,1,10.99,94,99,7
2023-10-01 16:33,23.13,84.23,0.44,72,1,10.99,94,99,7
2023-10-01 16:43,25.33,76.78,0.68,72,1,10.99,94,99,7
2023-10-01 16:54,25.57,74.03,0.29,72,1,10.99,94,99,7
2023-10-01 17:04,24.78,76.19,0.27,72,1,10.98,94,99,19
2023-10-01 17:15,24.45,78.17,0.12,72,1,10.98,94,99,19
2023-10-01 17:25,22.64,85.63,0.12,72,1,10.98,94,99,19
2023-10-01 17:35,21.84,90.18,0.32,71,1,10.98,94,99,19
2023-10-01 17:46,21.17,94.21,0.08,72,1,10.98,94,99,19
2023-10-01 17:56,20.64,97.96,0.23,72,1,10.98,94,99,19
2023-10-01 18:06,20.21,100.0,0.2,72,1,10.96,94,99,15
2023-10-01 18:17,19.99,100.0,0.18,72,1,10.96,94,99,15
2023-10-01 18:27,19.81,100.0,0.38,72,1,10.96,94,99,15
2023-10-01 18:37,19.4,100.0,0.2,72,1,10.96,94,99,15
2023-10-01 18:48,19.26,100.0,0.13,72,1,10.96,94,99,15
2023-10-01 18:58,18.99,100.0,0.33,73,1,10.96,94,99,15
2023-10-01 19:08,19.04,100.0,0.38,73,1,10.88,94,99,15
2023-10-01 19:19,18.87,100.0,0.08,73,1,10.88,94,99,15
2023-10-01 19:29,18.81,100.0,0.32,72,1,10.88,94,99,15
2023-10-01 19:39,18.98,100.0,0.26,74,1,10.14,93,70,10
2023-10-01 19:50,18.98,100.0,0.54,73,1,10.14,93,70,10
2023-10-01 20:00,18.78,100.0,0.23,73,1,10.53,90,82,20
2023-10-01 20:10,18.29,100.0,0.23,73,1,10.23,93,76,10
2023-10-01 20:21,18.12,100.0,0.22,72,1,10.23,93,76,10
2023-10-01 20:31,17.72,100.0,0.21,72,1,10.23,93,76,10
2023-10-01 20:42,18.2,100.0,0.3,73,1,10.23,93,76,10
2023-10-01 20:52,17.96,100.0,0.32,73,1,10.23,93,76,10
2023-10-01 21:02,17.64,100.0,0.41,73,1,12.46,86,80,10
2023-10-01 21:13,18.03,100.0,0.32,73,1,12.46,86,80,10
2023-10-01 21:23,17.7,100.0,0.31,73,1,12.46,86,80,10
2023-10-01 21:33,17.16,100.0,0.21,68,1,12.46,86,80,10
2023-10-01 21:44,17.0,100.0,0.24,67,1,12.46,86,80,10
2023-10-01 21:54,16.85,100.0,0.5,68,1,12.46,86,80,10
2023-10-01 22:04,16.93,100.0,0.18,68,1,15.21,74,100,7
2023-10-01 22:15,16.89,100.0,0.18,68,1,15.21,74,100,7
2023-10-01 22:25,16.49,100.0,0.34,66,1,15.21,74,100,7
2023-10-01 22:35,16.64,100.0,0.12,69,1,15.21,74,100,7
2023-10-01 22:46,17.07,100.0,0.23,68,1,15.21,74,100,7
2023-10-01 22:56,16.93,100.0,0.23,67,1,15.21,74,100,7
2023-10-01 23:06,16.81,100.0,0.28,68,1,17.74,63,100,15
2023-10-01 23:17,16.6,100.0,0.28,66,1,17.74,63,100,15
2023-10-01 23:27,16.46,100.0,0.19,67,1,17.74,63,100,15
2023-10-01 23:37,16.31,100.0,0.15,66,1,17.74,63,100,15
2023-10-01 23:48,16.07,100.0,0.2,65,1,17.74,63,100,15
2023-10-01 23:58,15.86,100.0,0.14,67,1,17.74,63,100,15
2023-10-02 00:09,15.47,100.0,0.32,67,1,20.08,52,100,19
2023-10-02 00:29,15.84,100.0,0.3,66,1,20.08,52,100,19
2023-10-02 00:40,16.02,100.0,0.15,66,1,20.08,52,100,19
2023-10-02 00:50,15.69,100.0,0.01,67,1,20.08,52,100,19
2023-10-02 01:00,15.39,100.0,0.27,69,1,18.45,61,96,24
2023-10-02 01:11,15.38,100.0,0.3,67,1,20.49,49,94,24
2023-10-02 01:21,15.23,100.0,0.0,66,1,20.49,49,94,24
2023-10-02 01:31,15.02,100.0,0.3,67,1,20.49,49,94,24
2023-10-02 01:42,14.86,100.0,0.15,66,1,20.49,49,94,24
2023-10-02 01:52,14.68,100.0,0.1,67,1,20.49,49,94,24
2023-10-02 02:02,14.64,100.0,0.32,68,1,19.38,55,94,39
2023-10-02 02:13,14.58,100.0,0.05,66,1,19.38,55,94,39
2023-10-02 02:23,14.33,100.0,0.0,68,1,19.38,55,94,39
2023-10-02 02:33,14.24,100.0,0.14,66,1,19.38,55,94,39
2023-10-02 02:44,13.84,100.0,0.04,68,1,19.38,55,94,39
2023-10-02 02:54,13.62,100.0,0.12,67,1,19.38,55,94,39
2023-10-02 03:05,13.57,100.0,0.04,66,1,19.27,56,93,55
2023-10-02 03:15,13.77,100.0,0.23,67,1,19.27,56,93,55
2023-10-02 03:25,13.69,100.0,0.04,66,1,19.27,56,93,55
2023-10-02 03:36,13.96,100.0,0.23,67,1,19.27,56,93,55
2023-10-02 03:46,13.84,100.0,0.13,66,1,19.27,56,93,55
2023-10-02 03:56,13.92,100.0,0.13,66,1,19.27,56,93,55
2023-10-02 04:07,13.67,100.0,0.26,67,1,20.97,52,48,81
2023-10-02 04:17,13.59,100.0,0.1,68,1,18.48,67,46,68
2023-10-02 04:27,13.45,100.0,0.38,69,1,20.45,57,65,89
2023-10-02 04:38,13.48,100.0,0.26,69,1,20.45,57,65,89
2023-10-02 04:48,13.19,100.0,0.2,66,1,20.45,57,65,89
2023-10-02 04:58,13.15,100.0,0.27,66,1,20.45,57,65,89
2023-10-02 05:09,13.15,100.0,0.24,69,1,17.6,74,76,89
2023-10-02 05:19,13.2,100.0,0.47,68,1,17.6,74,76,89
2023-10-02 05:29,13.11,100.0,0.24,66,1,17.6,74,76,89
2023-10-02 05:40,12.96,100.0,0.36,68,1,17.6,74,76,89
2023-10-02 05:50,12.85,100.0,0.36,66,1,17.6,74,76,89
2023-10-02 06:00,13.32,100.0,0.4,68,1,16.82,77,55,76
2023-10-02 06:11,13.52,100.0,0.32,68,1,16.86,78,75,89
2023-10-02 06:21,15.9,100.0,0.55,67,1,16.86,78,75,89
2023-10-02 06:32,17.28,100.0,0.44,68,1,16.86,78,75,89
2023-10-02 06:42,18.91,100.0,0.41,67,1,16.86,78,75,89
2023-10-02 06:52,20.59,98.1,0.45,68,1,16.86,78,75,89
2023-10-02 07:03,20.69,98.82,0.68,68,1,16.0,82,63,89
2023-10-02 07:13,22.35,92.89,0.73,68,1,16.0,82,63,89
2023-10-02 07:23,23.85,85.72,0.79,68,1,16.35,80,68,79
2023-10-02 07:34,24.83,81.68,4.2,68,1,16.35,80,68,79
2023-10-02 07:44,23.94,83.56,0.95,68,1,16.35,80,68,79
2023-10-02 07:54,25.27,81.8,1.14,67,1,16.35,80,68,79
2023-10-02 08:05,26.26,78.32,4.31,67,1,13.98,88,63,82
2023-10-02 08:15,26.81,76.3,4.3,67,1,13.98,88,63,82
2023-10-02 08:25,25.61,80.1,4.85,67,1,13.98,88,63,82
2023-10-02 08:36,25.91,79.25,5.2,67,1,13.98,88,63,82
2023-10-02 08:46,27.17,77.24,5.63,69,1,13.98,88,63,82
2023-10-02 08:56,28.46,73.66,5.77,69,1,13.98,88,63,82
2023-10-02 09:07,28.78,73.31,5.91,66,1,13.38,91,60,86
2023-10-02 09:17,29.21,71.07,5.51,66,1,13.38,91,60,86
2023-10-02 09:28,30.53,66.37,5.93,65,1,13.38,91,60,86
2023-10-02 09:38,31.26,68.58,5.88,65,1,13.38,91,60,86
2023-10-02 09:48,31.36,67.36,5.76,65,1,13.38,91,60,86
2023-10-02 09:59,31.53,62.35,5.99,65,1,13.38,91,60,86
2023-10-02 10:09,31.72,59.29,6.11,64,1,12.86,92,63,44
2023-10-02 10:19,32.47,57.36,6.51,64,1,12.86,92,63,44
2023-10-02 10:30,31.53,57.6,4.24,64,1,12.86,92,63,44
2023-10-02 10:40,28.48,61.35,1.01,65,1,12.86,92,63,44
2023-10-02 10:50,27.7,66.13,6.44,67,1,12.86,92,63,44
2023-10-02 11:01,29.11,61.63,1.14,67,1,12.29,92,63,43
2023-10-02 11:11,28.7,65.64,7.55,67,1,12.29,92,63,43
2023-10-02 11:21,34.31,50.16,7.82,66,1,12.29,92,63,43
2023-10-02 11:32,31.38,54.88,8.5,65,1,12.29,92,63,43
2023-10-02 11:42,32.28,53.77,8.62,64,1,12.29,92,63,43
2023-10-02 11:52,32.4,53.38,8.89,63,1,12.29,92,63,43
2023-10-02 12:03,31.66,52.9,8.82,62,1,11.67,94,74,38
2023-10-02 12:13,31.46,54.09,8.46,62,1,11.67,94,74,38
2023-10-02 12:23,33.98,48.2,8.4,62,1,11.67,94,74,38
2023-10-02 12:34,32.67,50.51,7.71,62,1,11.67,94,74,38
2023-10-02 12:44,33.03,49.48,6.84,62,1,11.67,94,74,38
2023-10-02 12:55,32.87,48.44,6.99,63,1,11.67,94,74,38
2023-10-02 13:05,35.48,48.6,6.77,63,1,11.25,94,80,36
2023-10-02 13:15,32.7,48.73,4.68,63,1,11.25,94,80,36
2023-10-02 13:26,29.58,65.77,1.14,64,1,11.23,94,100,29
2023-10-02 13:36,28.25,72.23,0.92,65,1,11.23,94,100,29
2023-10-02 13:46,25.98,81.27,0.42,65,1,11.23,94,100,29
2023-10-02 13:57,25.13,89.43,0.34,66,1,11.23,94,100,29
2023-10-02 14:07,24.77,91.84,0.32,65,1,10.76,95,100,32
2023-10-02 14:17,24.73,94.96,0.45,64,1,10.76,95,100,32
2023-10-02 14:28,24.55,100.0,0.37,65,23,10.76,95,100,32
2023-10-02 14:38,22.21,100.0,0.6,65,41,10.76,95,100,32
2023-10-02 14:48,21.32,100.0,0.32,66,49,10.76,95,100,32
2023-10-02 14:59,20.18,100.0,0.59,55,40,10.76,95,100,32
2023-10-02 15:09,20.03,100.0,0.5,56,35,10.64,94,100,32
2023-10-02 15:19,20.05,100.0,0.64,58,36,10.64,94,100,32
2023-10-02 15:30,20.47,100.0,0.2,57,35,10.64,94,100,32
2023-10-02 15:40,20.42,100.0,0.31,57,39,10.64,94,100,32
2023-10-02 15:51,19.06,100.0,0.37,57,38,10.64,94,100,32
2023-10-02 16:01,19.19,99.09,0.16,60,40,10.5,94,100,32
2023-10-02 16:11,18.82,96.69,0.34,59,42,10.5,94,100,32
2023-10-02 16:22,18.76,97.17,0.18,58,51,10.5,94,100,32
2023-10-02 16:32,19.06,100.0,0.32,57,56,10.5,94,100,32
2023-10-02 16:42,18.82,100.0,0.15,58,57,10.5,94,100,32
2023-10-02 16:53,18.72,98.03,0.26,56,53,10.5,94,100,32
2023-10-02 17:03,18.75,97.42,0.24,57,54,10.63,93,100,32
2023-10-02 17:13,18.72,96.92,0.39,56,46,10.63,93,100,32
2023-10-02 17:24,18.81,97.78,0.3,56,48,10.63,93,100,32
2023-10-02 17:34,18.39,97.91,0.02,56,45,10.63,93,100,32
2023-10-02 17:44,18.08,100.0,0.29,65,44,10.63,93,100,32
2023-10-02 17:55,18.05,100.0,0.2,65,55,10.63,93,100,32
2023-10-02 18:05,18.2,100.0,0.27,65,51,10.69,92,100,32
2023-10-02 18:15,17.82,100.0,0.16,66,50,10.69,92,100,32
2023-10-02 18:26,17.66,100.0,0.23,65,47,10.69,92,100,32
2023-10-02 18:36,17.37,100.0,0.19,65,49,10.69,92,100,32
2023-10-02 18:46,17.37,100.0,0.22,66,44,10.69,92,100,32
2023-10-02 18:57,17.14,100.0,0.2,67,47,10.69,92,100,32
2023-10-02 19:07,17.0,100.0,0.3,68,45,10.31,91,100,28
2023-10-02 19:18,16.93,100.0,0.2,65,43,11.13,88,100,44
2023-10-02 19:28,16.76,100.0,0.46,68,40,9.92,92,87,27
2023-10-02 19:38,16.57,100.0,0.18,66,41,9.92,92,87,27
2023-10-02 19:49,16.64,100.0,0.26,66,40,9.92,92,87,27
2023-10-02 19:59,16.39,100.0,0.0,69,43,9.92,92,87,27
2023-10-02 20:09,16.23,100.0,0.19,67,40,9.98,91,90,24
2023-10-02 20:20,16.09,100.0,0.19,68,43,9.98,91,90,24
2023-10-02 20:30,16.34,100.0,0.2,67,45,9.98,91,90,24
2023-10-02 20:40,16.46,100.0,0.1,67,43,9.98,91,90,24
2023-10-02 20:51,16.24,100.0,0.18,68,33,9.98,91,90,24
2023-10-02 21:01,15.92,100.0,0.26,67,21,12.26,84,91,24
2023-10-02 21:11,15.94,100.0,0.04,68,11,12.26,84,91,24
2023-10-02 21:22,16.2,100.0,0.48,67,10,12.26,84,91,24
2023-10-02 21:32,16.3,100.0,0.13,69,11,12.26,84,91,24
2023-10-02 21:42,16.33,100.0,0.08,68,11,12.26,84,91,24
2023-10-02 21:53,16.48,100.0,0.04,69,10,12.26,84,91,24
2023-10-02 22:03,16.61,100.0,0.18,68,11,15.42,70,93,11
2023-10-02 22:13,16.46,100.0,0.3,69,11,15.42,70,93,11
2023-10-02 22:24,16.23,100.0,0.18,69,9,15.42,70,93,11
2023-10-02 22:34,16.25,100.0,0.18,68,11,15.42,70,93,11
2023-10-02 22:45,16.08,100.0,0.2,71,10,15.42,70,93,11
2023-10-02 22:55,16.25,100.0,0.15,69,10,15.42,70,93,11
2023-10-02 23:05,16.09,100.0,0.22,70,8,18.37,57,89,19
2023-10-02 23:16,16.01,100.0,0.2,69,5,18.37,57,89,19
2023-10-02 23:26,16.05,100.0,0.06,70,3,18.37,57,89,19
2023-10-02 23:36,15.93,100.0,0.1,61,2,18.37,57,89,19
2023-10-02 23:47,15.64,100.0,0.13,62,2,18.37,57,89,19
2023-10-02 23:57,15.34,100.0,0.32,65,2,18.37,57,89,19
2023-10-03 00:07,15.2,100.0,0.24,63,2,20.71,46,92,28
2023-10-03 00:18,15.46,100.0,0.38,63,1,20.71,46,92,28
2023-10-03 00:28,15.28,100.0,0.23,62,2,20.71,46,92,28
2023-10-03 00:38,15.47,100.0,0.2,61,2,20.71,46,92,28
2023-10-03 00:49,15.29,100.0,0.15,61,2,20.71,46,92,28
2023-10-03 00:59,15.49,100.0,0.22,62,2,20.71,46,92,28
2023-10-03 01:09,15.49,100.0,0.59,62,2,22.18,42,93,36
2023-10-03 01:20,15.36,100.0,0.2,66,2,22.18,42,93,36
2023-10-03 01:30,15.2,100.0,0.99,62,2,22.18,42,93,36
2023-10-03 01:41,15.03,100.0,0.3,64,2,22.18,42,93,36
2023-10-03 01:51,14.95,100.0,0.13,64,2,22.15,41,82,34
2023-10-03 02:01,15.19,100.0,0.07,62,2,21.54,44,78,34
2023-10-03 02:12,15.11,100.0,0.17,65,2,21.54,44,78,34
2023-10-03 02:22,15.02,100.0,0.0,64,2,21.54,44,78,34
2023-10-03 02:32,15.28,100.0,0.51,62,2,21.54,44,78,34
2023-10-03 02:43,15.03,100.0,0.26,64,2,21.54,44,78,34
2023-10-03 02:53,14.86,100.0,0.45,63,2,21.54,44,78,34
2023-10-03 03:03,14.98,100.0,0.19,63,2,18.97,55,80,49
2023-10-03 03:14,15.06,100.0,0.33,63,1,18.97,55,80,49
2023-10-03 03:24,15.16,100.0,0.26,63,2,18.97,55,80,49
2023-10-03 03:34,15.34,100.0,0.2,62,2,18.97,55,80,49
2023-10-03 03:45,15.17,100.0,0.35,62,1,18.97,55,80,49
2023-10-03 03:55,15.14,100.0,0.31,64,1,18.97,55,80,49
2023-10-03 04:05,15.17,100.0,0.22,64,1,18.41,62,99,74
2023-10-03 04:16,14.98,100.0,0.23,65,1,18.41,62,99,74
2023-10-03 04:26,14.6,100.0,0.32,65,8,18.41,62,99,74
2023-10-03 04:36,14.62,100.0,0.13,64,8,18.41,62,99,74
2023-10-03 04:47,14.46,100.0,0.26,64,3,18.41,62,99,74
2023-10-03 04:57,14.35,100.0,0.12,64,3,18.41,62,99,74
2023-10-03 05:08,14.28,100.0,0.2,65,1,18.86,62,91,74
2023-10-03 05:18,14.52,100.0,0.19,66,4,18.86,62,91,74
2023-10-03 05:28,14.75,100.0,0.13,65,4,18.86,62,91,74
2023-10-03 05:39,14.68,100.0,0.26,69,4,18.86,62,91,74
2023-10-03 05:49,14.68,100.0,0.32,65,4,18.86,62,91,74
2023-10-03 05:59,14.94,100.0,0.31,63,3,18.86,62,91,74
2023-10-03 06:10,14.98,100.0,0.2,66,1,17.12,72,90,74
2023-10-03 06:20,15.1,100.0,0.39,67,3,17.12,72,90,74
2023-10-03 06:30,15.8,100.0,0.39,66,3,16.55,81,91,64
2023-10-03 06:41,16.88,100.0,0.24,66,3,17.12,72,90,74
2023-10-03 06:51,18.42,100.0,0.59,67,3,17.12,72,90,74
2023-10-03 07:01,20.18,100.0,0.56,67,4,15.96,83,78,79
2023-10-03 07:12,21.27,100.0,0.73,67,3,15.96,83,78,79
2023-10-03 07:22,21.06,100.0,0.48,67,4,15.96,83,78,79
2023-10-03 07:32,21.92,100.0,0.92,68,4,15.96,83,78,79
2023-10-03 07:43,23.35,99.7,0.72,67,4,15.96,83,78,79
2023-10-03 07:53,21.91,100.0,0.73,67,3,15.96,83,78,79
2023-10-03 08:04,20.99,100.0,0.5,68,3,13.63,91,73,79
2023-10-03 08:14,21.21,100.0,0.86,67,4,13.63,91,73,79
2023-10-03 08:24,20.91,100.0,0.75,67,3,13.63,91,73,79
2023-10-03 08:35,21.68,100.0,0.89,68,3,13.63,91,73,79
2023-10-03 08:45,22.57,95.57,4.38,68,3,13.63,91,73,79
2023-10-03 08:55,23.22,92.32,4.25,69,3,13.63,91,73,79
2023-10-03 09:06,24.46,87.24,4.66,68,3,12.83,92,74,79
2023-10-03 09:16,25.97,83.3,5.03,69,2,12.83,92,74,79
2023-10-03 09:26,26.5,83.31,5.7,68,2,12.83,92,74,79
2023-10-03 09:37,28.59,73.2,0.86,68,3,12.83,92,74,79
2023-10-03 09:47,28.39,73.56,6.06,66,1,12.83,92,74,79
2023-10-03 09:57,25.61,79.64,4.3,68,3,12.83,92,74,79
2023-10-03 10:08,26.81,76.93,4.54,69,1,12.33,93,80,45
2023-10-03 10:18,27.7,72.9,4.95,69,1,12.33,93,80,45
2023-10-03 10:28,28.27,71.98,5.61,67,2,12.33,93,80,45
2023-10-03 10:39,25.5,78.96,4.25,69,1,12.33,93,80,45
2023-10-03 10:49,27.36,70.93,6.11,68,1,12.33,93,80,45
2023-10-03 10:59,31.13,65.25,7.23,67,1,12.33,93,80,45
2023-10-03 11:10,27.88,71.59,5.95,68,1,11.85,93,83,44
2023-10-03 11:20,29.48,66.09,4.32,68,1,11.85,93,83,44
2023-10-03 11:31,31.75,55.64,8.12,68,1,11.85,93,83,44
2023-10-03 11:41,32.84,55.3,8.01,67,1,11.85,93,83,44
2023-10-03 11:51,32.72,57.4,8.38,67,1,11.85,93,83,44
2023-10-03 12:02,32.38,57.08,4.18,66,1,11.48,93,86,42
2023-10-03 12:12,32.14,58.21,9.12,66,1,11.48,93,86,42
2023-10-03 12:22,29.37,65.49,6.93,67,1,11.48,93,86,42
2023-10-03 12:33,28.86,63.05,0.99,67,1,11.48,93,86,42
2023-10-03 12:43,29.76,65.08,7.56,69,1,11.48,93,86,42
2023-10-03 12:53,28.96,65.43,4.27,69,1,11.48,93,86,42
2023-10-03 13:04,27.22,69.94,4.24,68,1,10.92,93,77,40
2023-10-03 13:14,26.54,71.34,0.98,69,1,10.92,93,77,40
2023-10-03 13:24,25.9,73.68,0.92,69,1,10.95,94,96,35
2023-10-03 13:35,26.54,72.35,1.1,69,1,10.95,94,96,35
2023-10-03 13:45,28.29,69.4,4.62,69,1,10.95,94,96,35
2023-10-03 13:55,25.39,74.94,0.57,69,1,10.95,94,96,35
2023-10-03 14:06,25.17,76.72,0.84,69,1,10.61,94,96,35
2023-10-03 14:16,29.92,75.3,5.53,69,1,10.61,94,96,35
2023-10-03 14:27,33.53,66.36,6.2,68,1,10.61,94,96,35
2023-10-03 14:37,28.03,79.81,1.12,69,1,10.61,94,96,35
2023-10-03 14:47,25.08,92.16,0.19,68,1,10.61,94,96,35
2023-10-03 14:58,25.13,94.41,4.26,69,1,10.61,94,96,35
2023-10-03 15:08,29.64,79.1,5.36,69,1,10.6,93,96,35
2023-10-03 15:18,30.73,73.93,5.19,69,1,10.6,93,96,35
2023-10-03 15:29,29.86,75.08,4.81,69,1,10.6,93,96,35
2023-10-03 15:39,24.0,95.36,0.68,69,1,10.6,93,96,35
2023-10-03 15:49,24.77,97.52,4.45,69,1,10.6,93,96,35
2023-10-03 16:00,27.0,87.12,0.88,68,1,10.95,90,100,48
2023-10-03 16:10,28.48,81.89,1.16,68,1,10.59,93,100,32
2023-10-03 16:20,27.82,85.6,0.96,69,1,10.59,93,100,32
2023-10-03 16:31,27.14,88.44,0.91,69,1,10.59,93,100,32
2023-10-03 16:41,23.68,98.54,0.67,69,1,10.59,93,100,32
2023-10-03 16:51,22.24,100.0,0.15,69,1,10.59,93,100,32
2023-10-03 17:02,22.09,100.0,0.33,69,1,9.92,94,72,28
2023-10-03 17:12,22.03,100.0,0.3,69,21,9.92,94,72,28
2023-10-03 17:22,21.82,100.0,0.17,69,23,9.92,94,72,28
2023-10-03 17:33,21.82,100.0,0.1,69,22,9.92,94,72,28
2023-10-03 17:43,21.31,100.0,0.07,69,23,9.92,94,72,28
2023-10-03 17:54,21.13,100.0,0.38,68,22,9.92,94,72,28
2023-10-03 18:04,21.31,100.0,0.1,69,21,9.77,94,60,28
2023-10-03 18:14,20.92,100.0,0.27,70,21,9.77,94,60,28
2023-10-03 18:25,20.43,100.0,0.15,70,21,9.77,94,60,28
2023-10-03 18:35,20.06,100.0,0.22,68,20,9.77,94,60,28
2023-10-03 18:45,19.62,100.0,0.18,67,20,9.77,94,60,28
2023-10-03 18:56,19.43,100.0,0.26,68,20,9.77,94,60,28
2023-10-03 19:06,19.76,100.0,0.28,71,20,9.51,94,56,28
2023-10-03 19:16,19.99,100.0,0.22,70,20,9.53,93,77,24
2023-10-03 19:27,19.99,100.0,0.37,70,20,9.53,93,77,24
2023-10-03 19:37,19.83,100.0,0.19,70,20,9.53,93,77,24
2023-10-03 19:47,19.61,100.0,0.2,69,19,9.53,93,77,24
2023-10-03 19:58,19.63,100.0,0.17,69,19,9.53,93,77,24
2023-10-03 20:08,19.62,100.0,0.25,69,19,9.53,93,79,24
2023-10-03 20:18,19.58,100.0,0.26,69,19,9.53,93,79,24
2023-10-03 20:29,19.36,100.0,0.18,71,19,9.53,93,79,24
2023-10-03 20:39,19.33,100.0,0.17,71,19,9.53,93,79,24
2023-10-03 20:50,19.18,100.0,0.26,70,19,9.53,93,79,24
2023-10-03 21:00,18.8,100.0,0.2,69,19,11.66,86,91,40
2023-10-03 21:10,18.63,100.0,0.17,69,19,12.11,84,83,24
2023-10-03 21:21,18.6,100.0,0.2,71,19,12.11,84,83,24
2023-10-03 21:31,18.69,100.0,0.18,71,19,12.11,84,83,24
2023-10-03 21:41,18.75,100.0,0.16,72,19,12.11,84,83,24
2023-10-03 21:52,18.52,100.0,0.2,71,19,12.11,84,83,24
2023-10-03 22:02,18.55,100.0,0.12,71,19,15.41,71,90,19
2023-10-03 22:12,18.63,100.0,0.1,70,19,15.41,71,90,19
2023-10-03 22:23,18.6,100.0,0.4,71,19,15.41,71,90,19
2023-10-03 22:33,18.29,100.0,0.15,71,19,15.41,71,90,19
